size,sparsity,min,max,cpu_cores,runtime,hardware
3000,0.0,1,100,1,3,0
3000,0.0,1,1000,1,2,0
3000,0.0,1,10000,1,57,0
3000,0.0,10,100,1,2,0
3000,0.0,10,1000,1,57,0
3000,0.0,10,10000,1,2,0
3000,0.0,50,100,1,57,0
3000,0.0,50,1000,1,2,0
3000,0.0,50,10000,1,3,0
3000,0.25,1,100,1,56,0
3000,0.25,1,1000,1,3,0
3000,0.25,1,10000,1,56,0
3000,0.25,10,100,1,3,0
3000,0.25,10,1000,1,2,0
3000,0.25,10,10000,1,57,0
3000,0.25,50,100,1,2,0
3000,0.25,50,1000,1,57,0
3000,0.25,50,10000,1,2,0
3000,0.5,1,100,1,57,0
3000,0.5,1,1000,1,2,0
3000,0.5,1,10000,1,3,0
3000,0.5,10,100,1,56,0
3000,0.5,10,1000,1,3,0
3000,0.5,10,10000,1,56,0
3000,0.5,50,100,1,3,0
3000,0.5,50,1000,1,2,0
3000,0.5,50,10000,1,57,0
3000,0.75,1,100,1,2,0
3000,0.75,1,1000,1,56,0
3000,0.75,1,10000,1,3,0
3000,0.75,10,100,1,56,0
3000,0.75,10,1000,1,3,0
3000,0.75,10,10000,1,2,0
3000,0.75,50,100,1,57,0
3000,0.75,50,1000,1,2,0
3000,0.75,50,10000,1,57,0
4000,0.0,1,100,1,60,0
4000,0.0,1,1000,1,59,0
4000,0.0,1,10000,1,59,0
4000,0.0,10,100,1,60,0
4000,0.0,10,1000,1,60,0
4000,0.0,10,10000,1,60,0
4000,0.0,50,100,1,60,0
4000,0.0,50,1000,1,60,0
4000,0.0,50,10000,1,60,0
4000,0.25,1,100,1,60,0
4000,0.25,1,1000,1,5,0
4000,0.25,1,10000,1,5,0
4000,0.25,10,100,1,60,0
4000,0.25,10,1000,1,60,0
4000,0.25,10,10000,1,60,0
4000,0.25,50,100,1,60,0
4000,0.25,50,1000,1,60,0
4000,0.25,50,10000,1,60,0
4000,0.5,1,100,1,60,0
4000,0.5,1,1000,1,60,0
4000,0.5,1,10000,1,59,0
4000,0.5,10,100,1,59,0
4000,0.5,10,1000,1,60,0
4000,0.5,10,10000,1,60,0
4000,0.5,50,100,1,60,0
4000,0.5,50,1000,1,60,0
4000,0.5,50,10000,1,60,0
4000,0.75,1,100,1,60,0
4000,0.75,1,1000,1,60,0
4000,0.75,1,10000,1,60,0
4000,0.75,10,100,1,60,0
4000,0.75,10,1000,1,60,0
4000,0.75,10,10000,1,60,0
4000,0.75,50,100,1,60,0
4000,0.75,50,1000,1,60,0
4000,0.75,50,10000,1,60,0
5000,0.0,1,100,1,122,0
5000,0.0,1,1000,1,175,0
5000,0.0,1,10000,1,122,0
5000,0.0,10,100,1,122,0
5000,0.0,10,1000,1,176,0
5000,0.0,10,10000,1,121,0
5000,0.0,50,100,1,122,0
5000,0.0,50,1000,1,121,0
5000,0.0,50,10000,1,175,0
5000,0.25,1,100,1,122,0
5000,0.25,1,1000,1,121,0
5000,0.25,1,10000,1,121,0
5000,0.25,10,100,1,176,0
5000,0.25,10,1000,1,121,0
5000,0.25,10,10000,1,121,0
5000,0.25,50,100,1,176,0
5000,0.25,50,1000,1,122,0
5000,0.25,50,10000,1,121,0
5000,0.5,1,100,1,121,0
5000,0.5,1,1000,1,176,0
5000,0.5,1,10000,1,121,0
5000,0.5,10,100,1,121,0
5000,0.5,10,1000,1,176,0
5000,0.5,10,10000,1,121,0
5000,0.5,50,100,1,121,0
5000,0.5,50,1000,1,122,0
5000,0.5,50,10000,1,176,0
5000,0.75,1,100,1,121,0
5000,0.75,1,1000,1,122,0
5000,0.75,1,10000,1,176,0
5000,0.75,10,100,1,121,0
5000,0.75,10,1000,1,122,0
5000,0.75,10,10000,1,122,0
5000,0.75,50,100,1,175,0
5000,0.75,50,1000,1,121,0
5000,0.75,50,10000,1,122,0
7500,0.0,1,100,1,659,0
7500,0.0,1,1000,1,658,0
7500,0.0,1,10000,1,603,0
7500,0.0,10,100,1,660,0
7500,0.0,10,1000,1,662,0
7500,0.0,10,10000,1,659,0
7500,0.0,50,100,1,663,0
7500,0.0,50,1000,1,717,0
7500,0.0,50,10000,1,659,0
7500,0.25,1,100,1,659,0
7500,0.25,1,1000,1,659,0
7500,0.25,1,10000,1,604,0
7500,0.25,10,100,1,604,0
7500,0.25,10,1000,1,658,0
7500,0.25,10,10000,1,657,0
7500,0.25,50,100,1,661,0
7500,0.25,50,1000,1,661,0
7500,0.25,50,10000,1,715,0
7500,0.5,1,100,1,603,0
7500,0.5,1,1000,1,658,0
7500,0.5,1,10000,1,658,0
7500,0.5,10,100,1,659,0
7500,0.5,10,1000,1,657,0
7500,0.5,10,10000,1,659,0
7500,0.5,50,100,1,662,0
7500,0.5,50,1000,1,658,0
7500,0.5,50,10000,1,659,0
7500,0.75,1,100,1,659,0
7500,0.75,1,1000,1,659,0
7500,0.75,1,10000,1,717,0
7500,0.75,10,100,1,663,0
7500,0.75,10,1000,1,718,0
7500,0.75,10,10000,1,716,0
7500,0.75,50,100,1,603,0
7500,0.75,50,1000,1,660,0
7500,0.75,50,10000,1,661,0
10000,0.0,1,100,1,1504,0
10000,0.0,1,1000,1,1500,0
10000,0.0,1,10000,1,1441,0
10000,0.0,10,100,1,1442,0
10000,0.0,10,1000,1,1500,0
10000,0.0,10,10000,1,1558,0
10000,0.0,50,100,1,1501,0
10000,0.0,50,1000,1,1558,0
10000,0.0,50,10000,1,1501,0
10000,0.25,1,100,1,1441,0
10000,0.25,1,1000,1,1561,0
10000,0.25,1,10000,1,1561,0
10000,0.25,10,100,1,1558,0
10000,0.25,10,1000,1,1440,0
10000,0.25,10,10000,1,1500,0
10000,0.25,50,100,1,1502,0
10000,0.25,50,1000,1,1559,0
10000,0.25,50,10000,1,1558,0
10000,0.5,1,100,1,1496,0
10000,0.5,1,1000,1,1559,0
10000,0.5,1,10000,1,1500,0
10000,0.5,10,100,1,1557,0
10000,0.5,10,1000,1,1502,0
10000,0.5,10,10000,1,1556,0
10000,0.5,50,100,1,1498,0
10000,0.5,50,1000,1,1561,0
10000,0.5,50,10000,1,1441,0
10000,0.75,1,100,1,1563,0
10000,0.75,1,1000,1,1496,0
10000,0.75,1,10000,1,1498,0
10000,0.75,10,100,1,1501,0
10000,0.75,10,1000,1,1620,0
10000,0.75,10,10000,1,721,0
10000,0.75,50,100,1,721,0
10000,0.75,50,1000,1,720,0
10000,0.75,50,10000,1,720,0
12500,0.0,1,100,1,1440,0
12500,0.0,1,1000,1,1440,0
12500,0.0,1,10000,1,1385,0
12500,0.0,10,100,1,1440,0
12500,0.0,10,1000,1,1440,0
12500,0.0,10,10000,1,1441,0
12500,0.0,50,100,1,1440,0
12500,0.0,50,1000,1,1441,0
12500,0.0,50,10000,1,1440,0
12500,0.25,1,100,1,1440,0
12500,0.25,1,1000,1,1440,0
12500,0.25,1,10000,1,1441,0
12500,0.25,10,100,1,1440,0
12500,0.25,10,1000,1,1441,0
12500,0.25,10,10000,1,1440,0
12500,0.25,50,100,1,1441,0
12500,0.25,50,1000,1,1440,0
12500,0.25,50,10000,1,1495,0
12500,0.5,1,100,1,1441,0
12500,0.5,1,1000,1,1498,0
12500,0.5,1,10000,1,1498,0
12500,0.5,10,100,1,1443,0
12500,0.5,10,1000,1,1498,0
12500,0.5,10,10000,1,1498,0
12500,0.5,50,100,1,1497,0
12500,0.5,50,1000,1,1443,0
12500,0.5,50,10000,1,1498,0
12500,0.75,1,100,1,1500,0
12500,0.75,1,1000,1,1497,0
12500,0.75,1,10000,1,1500,0
12500,0.75,10,100,1,1499,0
12500,0.75,10,1000,1,1497,0
12500,0.75,10,10000,1,1497,0
12500,0.75,50,100,1,1444,0
12500,0.75,50,1000,1,1443,0
12500,0.75,50,10000,1,1496,0
3000,0.0,1,100,2,1,1
3000,0.0,1,1000,2,56,1
3000,0.0,1,10000,2,1,1
3000,0.0,10,100,2,1,1
3000,0.0,10,1000,2,2,1
3000,0.0,10,10000,2,55,1
3000,0.0,50,100,2,1,1
3000,0.0,50,1000,2,2,1
3000,0.0,50,10000,2,1,1
3000,0.25,1,100,2,1,1
3000,0.25,1,1000,2,56,1
3000,0.25,1,10000,2,1,1
3000,0.25,10,100,2,1,1
3000,0.25,10,1000,2,1,1
3000,0.25,10,10000,2,55,1
3000,0.25,50,100,2,1,1
3000,0.25,50,1000,2,1,1
3000,0.25,50,10000,2,2,1
3000,0.5,1,100,2,1,1
3000,0.5,1,1000,2,55,1
3000,0.5,1,10000,2,2,1
3000,0.5,10,100,2,1,1
3000,0.5,10,1000,2,1,1
3000,0.5,10,10000,2,56,1
3000,0.5,50,100,2,1,1
3000,0.5,50,1000,2,1,1
3000,0.5,50,10000,2,2,1
3000,0.75,1,100,2,1,1
3000,0.75,1,1000,2,55,1
3000,0.75,1,10000,2,2,1
3000,0.75,10,100,2,1,1
3000,0.75,10,1000,2,1,1
3000,0.75,10,10000,2,56,1
3000,0.75,50,100,2,1,1
3000,0.75,50,1000,2,1,1
3000,0.75,50,10000,2,2,1
4000,0.0,1,100,2,57,1
4000,0.0,1,1000,2,3,1
4000,0.0,1,10000,2,57,1
4000,0.0,10,100,2,3,1
4000,0.0,10,1000,2,57,1
4000,0.0,10,10000,2,3,1
4000,0.0,50,100,2,57,1
4000,0.0,50,1000,2,3,1
4000,0.0,50,10000,2,57,1
4000,0.25,1,100,2,3,1
4000,0.25,1,1000,2,57,1
4000,0.25,1,10000,2,3,1
4000,0.25,10,100,2,57,1
4000,0.25,10,1000,2,3,1
4000,0.25,10,10000,2,57,1
4000,0.25,50,100,2,3,1
4000,0.25,50,1000,2,57,1
4000,0.25,50,10000,2,3,1
4000,0.5,1,100,2,57,1
4000,0.5,1,1000,2,3,1
4000,0.5,1,10000,2,3,1
4000,0.5,10,100,2,57,1
4000,0.5,10,1000,2,3,1
4000,0.5,10,10000,2,57,1
4000,0.5,50,100,2,3,1
4000,0.5,50,1000,2,57,1
4000,0.5,50,10000,2,3,1
4000,0.75,1,100,2,57,1
4000,0.75,1,1000,2,3,1
4000,0.75,1,10000,2,57,1
4000,0.75,10,100,2,3,1
4000,0.75,10,1000,2,57,1
4000,0.75,10,10000,2,3,1
4000,0.75,50,100,2,57,1
4000,0.75,50,1000,2,3,1
4000,0.75,50,10000,2,57,1
5000,0.0,1,100,2,119,1
5000,0.0,1,1000,2,119,1
5000,0.0,1,10000,2,119,1
5000,0.0,10,100,2,119,1
5000,0.0,10,1000,2,119,1
5000,0.0,10,10000,2,119,1
5000,0.0,50,100,2,65,1
5000,0.0,50,1000,2,119,1
5000,0.0,50,10000,2,119,1
5000,0.25,1,100,2,119,1
5000,0.25,1,1000,2,119,1
5000,0.25,1,10000,2,119,1
5000,0.25,10,100,2,119,1
5000,0.25,10,1000,2,65,1
5000,0.25,10,10000,2,119,1
5000,0.25,50,100,2,119,1
5000,0.25,50,1000,2,119,1
5000,0.25,50,10000,2,119,1
5000,0.5,1,100,2,119,1
5000,0.5,1,1000,2,119,1
5000,0.5,1,10000,2,65,1
5000,0.5,10,100,2,119,1
5000,0.5,10,1000,2,118,1
5000,0.5,10,10000,2,119,1
5000,0.5,50,100,2,119,1
5000,0.5,50,1000,2,119,1
5000,0.5,50,10000,2,119,1
5000,0.75,1,100,2,65,1
5000,0.75,1,1000,2,119,1
5000,0.75,1,10000,2,119,1
5000,0.75,10,100,2,119,1
5000,0.75,10,1000,2,119,1
5000,0.75,10,10000,2,119,1
5000,0.75,50,100,2,119,1
5000,0.75,50,1000,2,119,1
5000,0.75,50,10000,2,65,1
7500,0.0,1,100,2,360,1
7500,0.0,1,1000,2,360,1
7500,0.0,1,10000,2,360,1
7500,0.0,10,100,2,361,1
7500,0.0,10,1000,2,361,1
7500,0.0,10,10000,2,415,1
7500,0.0,50,100,2,360,1
7500,0.0,50,1000,2,360,1
7500,0.0,50,10000,2,361,1
7500,0.25,1,100,2,361,1
7500,0.25,1,1000,2,360,1
7500,0.25,1,10000,2,360,1
7500,0.25,10,100,2,360,1
7500,0.25,10,1000,2,360,1
7500,0.25,10,10000,2,361,1
7500,0.25,50,100,2,360,1
7500,0.25,50,1000,2,360,1
7500,0.25,50,10000,2,360,1
7500,0.5,1,100,2,360,1
7500,0.5,1,1000,2,360,1
7500,0.5,1,10000,2,415,1
7500,0.5,10,100,2,361,1
7500,0.5,10,1000,2,361,1
7500,0.5,10,10000,2,361,1
7500,0.5,50,100,2,361,1
7500,0.5,50,1000,2,360,1
7500,0.5,50,10000,2,360,1
7500,0.75,1,100,2,360,1
7500,0.75,1,1000,2,360,1
7500,0.75,1,10000,2,360,1
7500,0.75,10,100,2,360,1
7500,0.75,10,1000,2,360,1
7500,0.75,10,10000,2,360,1
7500,0.75,50,100,2,415,1
7500,0.75,50,1000,2,361,1
7500,0.75,50,10000,2,361,1
10000,0.0,1,100,2,899,1
10000,0.0,1,1000,2,899,1
10000,0.0,1,10000,2,899,1
10000,0.0,10,100,2,844,1
10000,0.0,10,1000,2,845,1
10000,0.0,10,10000,2,901,1
10000,0.0,50,100,2,959,1
10000,0.0,50,1000,2,903,1
10000,0.0,50,10000,2,901,1
10000,0.25,1,100,2,900,1
10000,0.25,1,1000,2,898,1
10000,0.25,1,10000,2,899,1
10000,0.25,10,100,2,900,1
10000,0.25,10,1000,2,900,1
10000,0.25,10,10000,2,899,1
10000,0.25,50,100,2,899,1
10000,0.25,50,1000,2,899,1
10000,0.25,50,10000,2,898,1
10000,0.5,1,100,2,899,1
10000,0.5,1,1000,2,899,1
10000,0.5,1,10000,2,899,1
10000,0.5,10,100,2,844,1
10000,0.5,10,1000,2,845,1
10000,0.5,10,10000,2,844,1
10000,0.5,50,100,2,899,1
10000,0.5,50,1000,2,898,1
10000,0.5,50,10000,2,900,1
10000,0.75,1,100,2,898,1
10000,0.75,1,1000,2,898,1
10000,0.75,1,10000,2,899,1
10000,0.75,10,100,2,899,1
10000,0.75,10,1000,2,899,1
10000,0.75,10,10000,2,898,1
10000,0.75,50,100,2,899,1
10000,0.75,50,1000,2,899,1
10000,0.75,50,10000,2,899,1
12500,0.0,1,100,2,1683,1
12500,0.0,1,1000,2,1683,1
12500,0.0,1,10000,2,1737,1
12500,0.0,10,100,2,1683,1
12500,0.0,10,1000,2,1683,1
12500,0.0,10,10000,2,1738,1
12500,0.0,50,100,2,1737,1
12500,0.0,50,1000,2,1684,1
12500,0.0,50,10000,2,1683,1
12500,0.25,1,100,2,1737,1
12500,0.25,1,1000,2,1736,1
12500,0.25,1,10000,2,1683,1
12500,0.25,10,100,2,1684,1
12500,0.25,10,1000,2,1684,1
12500,0.25,10,10000,2,1682,1
12500,0.25,50,100,2,1738,1
12500,0.25,50,1000,2,1738,1
12500,0.25,50,10000,2,1739,1
12500,0.5,1,100,2,1738,1
12500,0.5,1,1000,2,1738,1
12500,0.5,1,10000,2,1739,1
12500,0.5,10,100,2,1740,1
12500,0.5,10,1000,2,1738,1
12500,0.5,10,10000,2,1738,1
12500,0.5,50,100,2,1739,1
12500,0.5,50,1000,2,1739,1
12500,0.5,50,10000,2,1738,1
12500,0.75,1,100,2,1738,1
12500,0.75,1,1000,2,1797,1
12500,0.75,1,10000,2,1739,1
12500,0.75,10,100,2,1739,1
12500,0.75,10,1000,2,1741,1
12500,0.75,10,10000,2,1685,1
12500,0.75,50,100,2,1740,1
12500,0.75,50,1000,2,1740,1
12500,0.75,50,10000,2,1739,1
3000,0.0,1,100,3,1,2
3000,0.0,1,1000,3,0,2
3000,0.0,1,10000,3,1,2
3000,0.0,10,100,3,1,2
3000,0.0,10,1000,3,1,2
3000,0.0,10,10000,3,1,2
3000,0.0,50,100,3,55,2
3000,0.0,50,1000,3,1,2
3000,0.0,50,10000,3,1,2
3000,0.25,1,100,3,1,2
3000,0.25,1,1000,3,0,2
3000,0.25,1,10000,3,1,2
3000,0.25,10,100,3,1,2
3000,0.25,10,1000,3,55,2
3000,0.25,10,10000,3,1,2
3000,0.25,50,100,3,1,2
3000,0.25,50,1000,3,1,2
3000,0.25,50,10000,3,1,2
3000,0.5,1,100,3,1,2
3000,0.5,1,1000,3,55,2
3000,0.5,1,10000,3,0,2
3000,0.5,10,100,3,1,2
3000,0.5,10,1000,3,1,2
3000,0.5,10,10000,3,1,2
3000,0.5,50,100,3,1,2
3000,0.5,50,1000,3,1,2
3000,0.5,50,10000,3,55,2
3000,0.75,1,100,3,1,2
3000,0.75,1,1000,3,1,2
3000,0.75,1,10000,3,1,2
3000,0.75,10,100,3,1,2
3000,0.75,10,1000,3,0,2
3000,0.75,10,10000,3,0,2
3000,0.75,50,100,3,55,2
3000,0.75,50,1000,3,1,2
3000,0.75,50,10000,3,1,2
4000,0.0,1,100,3,2,2
4000,0.0,1,1000,3,56,2
4000,0.0,1,10000,3,2,2
4000,0.0,10,100,3,2,2
4000,0.0,10,1000,3,55,2
4000,0.0,10,10000,3,2,2
4000,0.0,50,100,3,2,2
4000,0.0,50,1000,3,56,2
4000,0.0,50,10000,3,2,2
4000,0.25,1,100,3,2,2
4000,0.25,1,1000,3,56,2
4000,0.25,1,10000,3,2,2
4000,0.25,10,100,3,2,2
4000,0.25,10,1000,3,56,2
4000,0.25,10,10000,3,2,2
4000,0.25,50,100,3,56,2
4000,0.25,50,1000,3,2,2
4000,0.25,50,10000,3,2,2
4000,0.5,1,100,3,56,2
4000,0.5,1,1000,3,2,2
4000,0.5,1,10000,3,2,2
4000,0.5,10,100,3,56,2
4000,0.5,10,1000,3,2,2
4000,0.5,10,10000,3,2,2
4000,0.5,50,100,3,55,2
4000,0.5,50,1000,3,2,2
4000,0.5,50,10000,3,2,2
4000,0.75,1,100,3,56,2
4000,0.75,1,1000,3,2,2
4000,0.75,1,10000,3,2,2
4000,0.75,10,100,3,56,2
4000,0.75,10,1000,3,2,2
4000,0.75,10,10000,3,2,2
4000,0.75,50,100,3,2,2
4000,0.75,50,1000,3,2,2
4000,0.75,50,10000,3,56,2
5000,0.0,1,100,3,60,2
5000,0.0,1,1000,3,60,2
5000,0.0,1,10000,3,60,2
5000,0.0,10,100,3,60,2
5000,0.0,10,1000,3,61,2
5000,0.0,10,10000,3,60,2
5000,0.0,50,100,3,61,2
5000,0.0,50,1000,3,60,2
5000,0.0,50,10000,3,60,2
5000,0.25,1,100,3,61,2
5000,0.25,1,1000,3,60,2
5000,0.25,1,10000,3,61,2
5000,0.25,10,100,3,60,2
5000,0.25,10,1000,3,60,2
5000,0.25,10,10000,3,61,2
5000,0.25,50,100,3,60,2
5000,0.25,50,1000,3,61,2
5000,0.25,50,10000,3,60,2
5000,0.5,1,100,3,60,2
5000,0.5,1,1000,3,61,2
5000,0.5,1,10000,3,60,2
5000,0.5,10,100,3,61,2
5000,0.5,10,1000,3,60,2
5000,0.5,10,10000,3,60,2
5000,0.5,50,100,3,61,2
5000,0.5,50,1000,3,60,2
5000,0.5,50,10000,3,61,2
5000,0.75,1,100,3,61,2
5000,0.75,1,1000,3,60,2
5000,0.75,1,10000,3,61,2
5000,0.75,10,100,3,60,2
5000,0.75,10,1000,3,60,2
5000,0.75,10,10000,3,115,2
5000,0.75,50,100,3,60,2
5000,0.75,50,1000,3,60,2
5000,0.75,50,10000,3,61,2
7500,0.0,1,100,3,236,2
7500,0.0,1,1000,3,240,2
7500,0.0,1,10000,3,183,2
7500,0.0,10,100,3,240,2
7500,0.0,10,1000,3,237,2
7500,0.0,10,10000,3,239,2
7500,0.0,50,100,3,238,2
7500,0.0,50,1000,3,183,2
7500,0.0,50,10000,3,237,2
7500,0.25,1,100,3,184,2
7500,0.25,1,1000,3,238,2
7500,0.25,1,10000,3,238,2
7500,0.25,10,100,3,183,2
7500,0.25,10,1000,3,184,2
7500,0.25,10,10000,3,238,2
7500,0.25,50,100,3,363,2
7500,0.25,50,1000,3,361,2
7500,0.25,50,10000,3,363,2
7500,0.5,1,100,3,363,2
7500,0.5,1,1000,3,417,2
7500,0.5,1,10000,3,363,2
7500,0.5,10,100,3,417,2
7500,0.5,10,1000,3,417,2
7500,0.5,10,10000,3,364,2
7500,0.5,50,100,3,363,2
7500,0.5,50,1000,3,416,2
7500,0.5,50,10000,3,361,2
7500,0.75,1,100,3,418,2
7500,0.75,1,1000,3,418,2
7500,0.75,1,10000,3,362,2
7500,0.75,10,100,3,415,2
7500,0.75,10,1000,3,360,2
7500,0.75,10,10000,3,361,2
7500,0.75,50,100,3,416,2
7500,0.75,50,1000,3,362,2
7500,0.75,50,10000,3,417,2
10000,0.0,1,100,3,960,2
10000,0.0,1,1000,3,901,2
10000,0.0,1,10000,3,902,2
10000,0.0,10,100,3,959,2
10000,0.0,10,1000,3,960,2
10000,0.0,10,10000,3,960,2
10000,0.0,50,100,3,960,2
10000,0.0,50,1000,3,905,2
10000,0.0,50,10000,3,960,2
10000,0.25,1,100,3,960,2
10000,0.25,1,1000,3,957,2
10000,0.25,1,10000,3,961,2
10000,0.25,10,100,3,961,2
10000,0.25,10,1000,3,960,2
10000,0.25,10,10000,3,962,2
10000,0.25,50,100,3,960,2
10000,0.25,50,1000,3,1017,2
10000,0.25,50,10000,3,960,2
10000,0.5,1,100,3,960,2
10000,0.5,1,1000,3,960,2
10000,0.5,1,10000,3,962,2
10000,0.5,10,100,3,960,2
10000,0.5,10,1000,3,1015,2
10000,0.5,10,10000,3,962,2
10000,0.5,50,100,3,959,2
10000,0.5,50,1000,3,1015,2
10000,0.5,50,10000,3,959,2
10000,0.75,1,100,3,962,2
10000,0.75,1,1000,3,960,2
10000,0.75,1,10000,3,961,2
10000,0.75,10,100,3,960,2
10000,0.75,10,1000,3,1016,2
10000,0.75,10,10000,3,960,2
10000,0.75,50,100,3,959,2
10000,0.75,50,1000,3,960,2
10000,0.75,50,10000,3,960,2
12500,0.0,1,100,3,961,2
12500,0.0,1,1000,3,960,2
12500,0.0,1,10000,3,960,2
12500,0.0,10,100,3,960,2
12500,0.0,10,1000,3,961,2
12500,0.0,10,10000,3,962,2
12500,0.0,50,100,3,1015,2
12500,0.0,50,1000,3,960,2
12500,0.0,50,10000,3,903,2
12500,0.25,1,100,3,961,2
12500,0.25,1,1000,3,1018,2
12500,0.25,1,10000,3,961,2
12500,0.25,10,100,3,959,2
12500,0.25,10,1000,3,959,2
12500,0.25,10,10000,3,962,2
12500,0.25,50,100,3,960,2
12500,0.25,50,1000,3,960,2
12500,0.25,50,10000,3,959,2
12500,0.5,1,100,3,960,2
12500,0.5,1,1000,3,960,2
12500,0.5,1,10000,3,903,2
12500,0.5,10,100,3,1018,2
12500,0.5,10,1000,3,957,2
12500,0.5,10,10000,3,961,2
12500,0.5,50,100,3,964,2
12500,0.5,50,1000,3,962,2
12500,0.5,50,10000,3,1018,2
12500,0.75,1,100,3,959,2
12500,0.75,1,1000,3,960,2
12500,0.75,1,10000,3,959,2
12500,0.75,10,100,3,1021,2
12500,0.75,10,1000,3,960,2
12500,0.75,10,10000,3,964,2
12500,0.75,50,100,3,903,2
12500,0.75,50,1000,3,1025,2
12500,0.75,50,10000,3,960,2
3000,0.0,1,100,4,0,3
3000,0.0,1,1000,4,1,3
3000,0.0,1,10000,4,0,3
3000,0.0,10,100,4,1,3
3000,0.0,10,1000,4,0,3
3000,0.0,10,10000,4,1,3
3000,0.0,50,100,4,0,3
3000,0.0,50,1000,4,55,3
3000,0.0,50,10000,4,0,3
3000,0.25,1,100,4,1,3
3000,0.25,1,1000,4,0,3
3000,0.25,1,10000,4,1,3
3000,0.25,10,100,4,1,3
3000,0.25,10,1000,4,0,3
3000,0.25,10,10000,4,1,3
3000,0.25,50,100,4,0,3
3000,0.25,50,1000,4,1,3
3000,0.25,50,10000,4,0,3
3000,0.5,1,100,4,55,3
3000,0.5,1,1000,4,0,3
3000,0.5,1,10000,4,1,3
3000,0.5,10,100,4,0,3
3000,0.5,10,1000,4,0,3
3000,0.5,10,10000,4,1,3
3000,0.5,50,100,4,0,3
3000,0.5,50,1000,4,1,3
3000,0.5,50,10000,4,0,3
3000,0.75,1,100,4,1,3
3000,0.75,1,1000,4,0,3
3000,0.75,1,10000,4,55,3
3000,0.75,10,100,4,1,3
3000,0.75,10,1000,4,0,3
3000,0.75,10,10000,4,1,3
3000,0.75,50,100,4,0,3
3000,0.75,50,1000,4,1,3
3000,0.75,50,10000,4,0,3
4000,0.0,1,100,4,2,3
4000,0.0,1,1000,4,55,3
4000,0.0,1,10000,4,1,3
4000,0.0,10,100,4,1,3
4000,0.0,10,1000,4,2,3
4000,0.0,10,10000,4,1,3
4000,0.0,50,100,4,55,3
4000,0.0,50,1000,4,1,3
4000,0.0,50,10000,4,2,3
4000,0.25,1,100,4,1,3
4000,0.25,1,1000,4,1,3
4000,0.25,1,10000,4,55,3
4000,0.25,10,100,4,2,3
4000,0.25,10,1000,4,1,3
4000,0.25,10,10000,4,1,3
4000,0.25,50,100,4,1,3
4000,0.25,50,1000,4,56,3
4000,0.25,50,10000,4,1,3
4000,0.5,1,100,4,1,3
4000,0.5,1,1000,4,1,3
4000,0.5,1,10000,4,55,3
4000,0.5,10,100,4,1,3
4000,0.5,10,1000,4,1,3
4000,0.5,10,10000,4,2,3
4000,0.5,50,100,4,1,3
4000,0.5,50,1000,4,55,3
4000,0.5,50,10000,4,1,3
4000,0.75,1,100,4,1,3
4000,0.75,1,1000,4,1,3
4000,0.75,1,10000,4,1,3
4000,0.75,10,100,4,56,3
4000,0.75,10,1000,4,1,3
4000,0.75,10,10000,4,1,3
4000,0.75,50,100,4,1,3
4000,0.75,50,1000,4,55,3
4000,0.75,50,10000,4,1,3
5000,0.0,1,100,4,60,3
5000,0.0,1,1000,4,60,3
5000,0.0,1,10000,4,60,3
5000,0.0,10,100,4,60,3
5000,0.0,10,1000,4,60,3
5000,0.0,10,10000,4,60,3
5000,0.0,50,100,4,60,3
5000,0.0,50,1000,4,60,3
5000,0.0,50,10000,4,60,3
5000,0.25,1,100,4,60,3
5000,0.25,1,1000,4,60,3
5000,0.25,1,10000,4,60,3
5000,0.25,10,100,4,60,3
5000,0.25,10,1000,4,60,3
5000,0.25,10,10000,4,60,3
5000,0.25,50,100,4,60,3
5000,0.25,50,1000,4,60,3
5000,0.25,50,10000,4,60,3
5000,0.5,1,100,4,60,3
5000,0.5,1,1000,4,60,3
5000,0.5,1,10000,4,60,3
5000,0.5,10,100,4,60,3
5000,0.5,10,1000,4,60,3
5000,0.5,10,10000,4,60,3
5000,0.5,50,100,4,60,3
5000,0.5,50,1000,4,60,3
5000,0.5,50,10000,4,60,3
5000,0.75,1,100,4,60,3
5000,0.75,1,1000,4,59,3
5000,0.75,1,10000,4,60,3
5000,0.75,10,100,4,60,3
5000,0.75,10,1000,4,60,3
5000,0.75,10,10000,4,60,3
5000,0.75,50,100,4,60,3
5000,0.75,50,1000,4,60,3
5000,0.75,50,10000,4,60,3
7500,0.0,1,100,4,180,3
7500,0.0,1,1000,4,181,3
7500,0.0,1,10000,4,181,3
7500,0.0,10,100,4,235,3
7500,0.0,10,1000,4,181,3
7500,0.0,10,10000,4,181,3
7500,0.0,50,100,4,181,3
7500,0.0,50,1000,4,180,3
7500,0.0,50,10000,4,235,3
7500,0.25,1,100,4,181,3
7500,0.25,1,1000,4,181,3
7500,0.25,1,10000,4,181,3
7500,0.25,10,100,4,181,3
7500,0.25,10,1000,4,235,3
7500,0.25,10,10000,4,181,3
7500,0.25,50,100,4,181,3
7500,0.25,50,1000,4,181,3
7500,0.25,50,10000,4,235,3
7500,0.5,1,100,4,181,3
7500,0.5,1,1000,4,181,3
7500,0.5,1,10000,4,181,3
7500,0.5,10,100,4,181,3
7500,0.5,10,1000,4,181,3
7500,0.5,10,10000,4,181,3
7500,0.5,50,100,4,182,3
7500,0.5,50,1000,4,181,3
7500,0.5,50,10000,4,236,3
7500,0.75,1,100,4,182,3
7500,0.75,1,1000,4,182,3
7500,0.75,1,10000,4,236,3
7500,0.75,10,100,4,181,3
7500,0.75,10,1000,4,181,3
7500,0.75,10,10000,4,181,3
7500,0.75,50,100,4,182,3
7500,0.75,50,1000,4,236,3
7500,0.75,50,10000,4,182,3
10000,0.0,1,100,4,478,3
10000,0.0,1,1000,4,478,3
10000,0.0,1,10000,4,479,3
10000,0.0,10,100,4,425,3
10000,0.0,10,1000,4,424,3
10000,0.0,10,10000,4,479,3
10000,0.0,50,100,4,479,3
10000,0.0,50,1000,4,479,3
10000,0.0,50,10000,4,479,3
10000,0.25,1,100,4,479,3
10000,0.25,1,1000,4,478,3
10000,0.25,1,10000,4,479,3
10000,0.25,10,100,4,478,3
10000,0.25,10,1000,4,479,3
10000,0.25,10,10000,4,479,3
10000,0.25,50,100,4,479,3
10000,0.25,50,1000,4,479,3
10000,0.25,50,10000,4,425,3
10000,0.5,1,100,4,425,3
10000,0.5,1,1000,4,425,3
10000,0.5,1,10000,4,425,3
10000,0.5,10,100,4,424,3
10000,0.5,10,1000,4,479,3
10000,0.5,10,10000,4,479,3
10000,0.5,50,100,4,479,3
10000,0.5,50,1000,4,478,3
10000,0.5,50,10000,4,479,3
10000,0.75,1,100,4,479,3
10000,0.75,1,1000,4,479,3
10000,0.75,1,10000,4,478,3
10000,0.75,10,100,4,479,3
10000,0.75,10,1000,4,479,3
10000,0.75,10,10000,4,478,3
10000,0.75,50,100,4,479,3
10000,0.75,50,1000,4,479,3
10000,0.75,50,10000,4,479,3
12500,0.0,1,100,4,898,3
12500,0.0,1,1000,4,843,3
12500,0.0,1,10000,4,898,3
12500,0.0,10,100,4,898,3
12500,0.0,10,1000,4,898,3
12500,0.0,10,10000,4,898,3
12500,0.0,50,100,4,898,3
12500,0.0,50,1000,4,898,3
12500,0.0,50,10000,4,898,3
12500,0.25,1,100,4,843,3
12500,0.25,1,1000,4,899,3
12500,0.25,1,10000,4,900,3
12500,0.25,10,100,4,900,3
12500,0.25,10,1000,4,900,3
12500,0.25,10,10000,4,901,3
12500,0.25,50,100,4,898,3
12500,0.25,50,1000,4,897,3
12500,0.25,50,10000,4,843,3
12500,0.5,1,100,4,843,3
12500,0.5,1,1000,4,897,3
12500,0.5,1,10000,4,897,3
12500,0.5,10,100,4,897,3
12500,0.5,10,1000,4,898,3
12500,0.5,10,10000,4,844,3
12500,0.5,50,100,4,844,3
12500,0.5,50,1000,4,898,3
12500,0.5,50,10000,4,898,3
12500,0.75,1,100,4,898,3
12500,0.75,1,1000,4,897,3
12500,0.75,1,10000,4,841,3
12500,0.75,10,100,4,840,3
12500,0.75,10,1000,4,840,3
12500,0.75,10,10000,4,841,3
12500,0.75,50,100,4,841,3
12500,0.75,50,1000,4,841,3
12500,0.75,50,10000,4,841,3
3000,0.0,1,100,8,55,4
3000,0.0,1,1000,8,0,4
3000,0.0,1,10000,8,0,4
3000,0.0,10,100,8,1,4
3000,0.0,10,1000,8,1,4
3000,0.0,10,10000,8,1,4
3000,0.0,50,100,8,0,4
3000,0.0,50,1000,8,1,4
3000,0.0,50,10000,8,55,4
3000,0.25,1,100,8,1,4
3000,0.25,1,1000,8,1,4
3000,0.25,1,10000,8,0,4
3000,0.25,10,100,8,1,4
3000,0.25,10,1000,8,1,4
3000,0.25,10,10000,8,1,4
3000,0.25,50,100,8,55,4
3000,0.25,50,1000,8,0,4
3000,0.25,50,10000,8,1,4
3000,0.5,1,100,8,1,4
3000,0.5,1,1000,8,1,4
3000,0.5,1,10000,8,1,4
3000,0.5,10,100,8,0,4
3000,0.5,10,1000,8,1,4
3000,0.5,10,10000,8,55,4
3000,0.5,50,100,8,1,4
3000,0.5,50,1000,8,1,4
3000,0.5,50,10000,8,0,4
3000,0.75,1,100,8,0,4
3000,0.75,1,1000,8,1,4
3000,0.75,1,10000,8,1,4
3000,0.75,10,100,8,55,4
3000,0.75,10,1000,8,1,4
3000,0.75,10,10000,8,0,4
3000,0.75,50,100,8,1,4
3000,0.75,50,1000,8,1,4
3000,0.75,50,10000,8,1,4
4000,0.0,1,100,8,56,4
4000,0.0,1,1000,8,2,4
4000,0.0,1,10000,8,2,4
4000,0.0,10,100,8,1,4
4000,0.0,10,1000,8,1,4
4000,0.0,10,10000,8,2,4
4000,0.0,50,100,8,2,4
4000,0.0,50,1000,8,56,4
4000,0.0,50,10000,8,2,4
4000,0.25,1,100,8,2,4
4000,0.25,1,1000,8,56,4
4000,0.25,1,10000,8,2,4
4000,0.25,10,100,8,2,4
4000,0.25,10,1000,8,56,4
4000,0.25,10,10000,8,2,4
4000,0.25,50,100,8,1,4
4000,0.25,50,1000,8,55,4
4000,0.25,50,10000,8,2,4
4000,0.5,1,100,8,2,4
4000,0.5,1,1000,8,56,4
4000,0.5,1,10000,8,2,4
4000,0.5,10,100,8,2,4
4000,0.5,10,1000,8,56,4
4000,0.5,10,10000,8,2,4
4000,0.5,50,100,8,2,4
4000,0.5,50,1000,8,56,4
4000,0.5,50,10000,8,2,4
4000,0.75,1,100,8,2,4
4000,0.75,1,1000,8,56,4
4000,0.75,1,10000,8,2,4
4000,0.75,10,100,8,2,4
4000,0.75,10,1000,8,56,4
4000,0.75,10,10000,8,2,4
4000,0.75,50,100,8,2,4
4000,0.75,50,1000,8,56,4
4000,0.75,50,10000,8,2,4
5000,0.0,1,100,8,3,4
5000,0.0,1,1000,8,3,4
5000,0.0,1,10000,8,58,4
5000,0.0,10,100,8,3,4
5000,0.0,10,1000,8,58,4
5000,0.0,10,10000,8,3,4
5000,0.0,50,100,8,58,4
5000,0.0,50,1000,8,57,4
5000,0.0,50,10000,8,3,4
5000,0.25,1,100,8,58,4
5000,0.25,1,1000,8,3,4
5000,0.25,1,10000,8,58,4
5000,0.25,10,100,8,57,4
5000,0.25,10,1000,8,3,4
5000,0.25,10,10000,8,58,4
5000,0.25,50,100,8,3,4
5000,0.25,50,1000,8,3,4
5000,0.25,50,10000,8,58,4
5000,0.5,1,100,8,3,4
5000,0.5,1,1000,8,57,4
5000,0.5,1,10000,8,58,4
5000,0.5,10,100,8,3,4
5000,0.5,10,1000,8,57,4
5000,0.5,10,10000,8,4,4
5000,0.5,50,100,8,57,4
5000,0.5,50,1000,8,57,4
5000,0.5,50,10000,8,4,4
5000,0.75,1,100,8,57,4
5000,0.75,1,1000,8,3,4
5000,0.75,1,10000,8,58,4
5000,0.75,10,100,8,58,4
5000,0.75,10,1000,8,3,4
5000,0.75,10,10000,8,57,4
5000,0.75,50,100,8,58,4
5000,0.75,50,1000,8,4,4
5000,0.75,50,10000,8,57,4
7500,0.0,1,100,8,120,4
7500,0.0,1,1000,8,120,4
7500,0.0,1,10000,8,120,4
7500,0.0,10,100,8,120,4
7500,0.0,10,1000,8,121,4
7500,0.0,10,10000,8,120,4
7500,0.0,50,100,8,120,4
7500,0.0,50,1000,8,120,4
7500,0.0,50,10000,8,120,4
7500,0.25,1,100,8,120,4
7500,0.25,1,1000,8,120,4
7500,0.25,1,10000,8,120,4
7500,0.25,10,100,8,120,4
7500,0.25,10,1000,8,120,4
7500,0.25,10,10000,8,120,4
7500,0.25,50,100,8,120,4
7500,0.25,50,1000,8,120,4
7500,0.25,50,10000,8,121,4
7500,0.5,1,100,8,120,4
7500,0.5,1,1000,8,120,4
7500,0.5,1,10000,8,120,4
7500,0.5,10,100,8,121,4
7500,0.5,10,1000,8,120,4
7500,0.5,10,10000,8,120,4
7500,0.5,50,100,8,120,4
7500,0.5,50,1000,8,120,4
7500,0.5,50,10000,8,120,4
7500,0.75,1,100,8,120,4
7500,0.75,1,1000,8,120,4
7500,0.75,1,10000,8,120,4
7500,0.75,10,100,8,121,4
7500,0.75,10,1000,8,121,4
7500,0.75,10,10000,8,120,4
7500,0.75,50,100,8,120,4
7500,0.75,50,1000,8,120,4
7500,0.75,50,10000,8,120,4
10000,0.0,1,100,8,299,4
10000,0.0,1,1000,8,299,4
10000,0.0,1,10000,8,245,4
10000,0.0,10,100,8,244,4
10000,0.0,10,1000,8,299,4
10000,0.0,10,10000,8,299,4
10000,0.0,50,100,8,298,4
10000,0.0,50,1000,8,299,4
10000,0.0,50,10000,8,299,4
10000,0.25,1,100,8,299,4
10000,0.25,1,1000,8,299,4
10000,0.25,1,10000,8,299,4
10000,0.25,10,100,8,245,4
10000,0.25,10,1000,8,245,4
10000,0.25,10,10000,8,244,4
10000,0.25,50,100,8,237,4
10000,0.25,50,1000,8,237,4
10000,0.25,50,10000,8,184,4
10000,0.5,1,100,8,238,4
10000,0.5,1,1000,8,238,4
10000,0.5,1,10000,8,238,4
10000,0.5,10,100,8,183,4
10000,0.5,10,1000,8,184,4
10000,0.5,10,10000,8,238,4
10000,0.5,50,100,8,238,4
10000,0.5,50,1000,8,183,4
10000,0.5,50,10000,8,183,4
10000,0.75,1,100,8,238,4
10000,0.75,1,1000,8,237,4
10000,0.75,1,10000,8,183,4
10000,0.75,10,100,8,238,4
10000,0.75,10,1000,8,237,4
10000,0.75,10,10000,8,238,4
10000,0.75,50,100,8,183,4
10000,0.75,50,1000,8,237,4
10000,0.75,50,10000,8,238,4
12500,0.0,1,100,8,420,4
12500,0.0,1,1000,8,421,4
12500,0.0,1,10000,8,420,4
12500,0.0,10,100,8,421,4
12500,0.0,10,1000,8,420,4
12500,0.0,10,10000,8,421,4
12500,0.0,50,100,8,420,4
12500,0.0,50,1000,8,420,4
12500,0.0,50,10000,8,420,4
12500,0.25,1,100,8,421,4
12500,0.25,1,1000,8,420,4
12500,0.25,1,10000,8,421,4
12500,0.25,10,100,8,420,4
12500,0.25,10,1000,8,420,4
12500,0.25,10,10000,8,420,4
12500,0.25,50,100,8,421,4
12500,0.25,50,1000,8,420,4
12500,0.25,50,10000,8,420,4
12500,0.5,1,100,8,421,4
12500,0.5,1,1000,8,421,4
12500,0.5,1,10000,8,421,4
12500,0.5,10,100,8,421,4
12500,0.5,10,1000,8,420,4
12500,0.5,10,10000,8,420,4
12500,0.5,50,100,8,420,4
12500,0.5,50,1000,8,421,4
12500,0.5,50,10000,8,421,4
12500,0.75,1,100,8,475,4
12500,0.75,1,1000,8,421,4
12500,0.75,1,10000,8,421,4
12500,0.75,10,100,8,420,4
12500,0.75,10,1000,8,420,4
12500,0.75,10,10000,8,420,4
12500,0.75,50,100,8,420,4
12500,0.75,50,1000,8,421,4
12500,0.75,50,10000,8,421,4
