,size,sparsity,min,max,cpu_cores,runtime,hardware
0,100,0.0,1,100,1,0,0
1,100,0.0,1,1000,1,0,0
2,100,0.0,1,10000,1,0,0
3,100,0.0,10,100,1,0,0
4,100,0.0,10,1000,1,0,0
5,100,0.0,10,10000,1,0,0
6,100,0.0,50,100,1,0,0
7,100,0.0,50,1000,1,0,0
8,100,0.0,50,10000,1,0,0
9,100,0.25,1,100,1,0,0
10,100,0.25,1,1000,1,0,0
11,100,0.25,1,10000,1,0,0
12,100,0.25,10,100,1,0,0
13,100,0.25,10,10000,1,0,0
14,100,0.25,50,100,1,0,0
15,100,0.25,50,10000,1,0,0
16,100,0.5,1,100,1,0,0
17,100,0.5,1,1000,1,0,0
18,100,0.5,1,10000,1,0,0
19,100,0.5,10,1000,1,0,0
20,100,0.5,10,10000,1,0,0
21,100,0.5,50,100,1,0,0
22,100,0.5,50,1000,1,0,0
23,100,0.75,1,100,1,0,0
24,100,0.75,1,1000,1,0,0
25,100,0.75,1,10000,1,0,0
26,100,0.75,10,10000,1,0,0
27,100,0.75,50,100,1,0,0
28,100,0.75,50,1000,1,0,0
29,100,0.0,1,100,2,0,1
30,100,0.0,1,1000,2,0,1
31,100,0.0,1,10000,2,0,1
32,100,0.0,10,100,2,0,1
33,100,0.0,10,10000,2,0,1
34,100,0.0,50,100,2,0,1
35,100,0.0,50,1000,2,0,1
36,100,0.0,50,10000,2,0,1
37,100,0.25,1,10000,2,0,1
38,100,0.25,10,100,2,0,1
39,100,0.25,10,1000,2,0,1
40,100,0.25,10,10000,2,0,1
41,100,0.25,50,10000,2,0,1
42,100,0.5,1,100,2,0,1
43,100,0.5,1,1000,2,0,1
44,100,0.5,1,10000,2,0,1
45,100,0.5,10,1000,2,0,1
46,100,0.5,10,10000,2,0,1
47,100,0.5,50,100,2,0,1
48,100,0.5,50,1000,2,0,1
49,100,0.5,50,10000,2,0,1
50,100,0.75,1,100,2,0,1
51,100,0.75,1,10000,2,0,1
52,100,0.75,10,100,2,0,1
53,100,0.75,10,1000,2,0,1
54,100,0.75,10,10000,2,0,1
55,100,0.75,50,100,2,0,1
56,100,0.75,50,1000,2,0,1
57,100,0.75,50,10000,2,0,1
58,100,0.0,1,100,3,0,2
59,100,0.0,10,100,3,0,2
60,100,0.0,50,100,3,0,2
61,100,0.0,50,1000,3,0,2
62,100,0.0,50,10000,3,0,2
63,100,0.25,1,100,3,0,2
64,100,0.25,1,10000,3,0,2
65,100,0.25,10,100,3,0,2
66,100,0.25,10,1000,3,0,2
67,100,0.25,10,10000,3,0,2
68,100,0.25,50,100,3,0,2
69,100,0.25,50,1000,3,0,2
70,100,0.25,50,10000,3,0,2
71,100,0.5,1,100,3,0,2
72,100,0.5,1,1000,3,0,2
73,100,0.5,1,10000,3,0,2
74,100,0.5,10,100,3,0,2
75,100,0.5,10,1000,3,0,2
76,100,0.5,10,10000,3,0,2
77,100,0.5,50,100,3,0,2
78,100,0.5,50,1000,3,0,2
79,100,0.5,50,10000,3,0,2
80,100,0.75,1,100,3,0,2
81,100,0.75,1,1000,3,0,2
82,100,0.75,1,10000,3,0,2
83,100,0.75,10,1000,3,0,2
84,100,0.75,50,100,3,0,2
85,100,0.75,50,1000,3,0,2
86,100,0.75,50,10000,3,0,2
87,100,0.0,1,100,4,0,3
88,100,0.0,1,1000,4,0,3
89,100,0.0,1,10000,4,0,3
90,100,0.0,10,1000,4,0,3
91,100,0.0,50,100,4,0,3
92,100,0.0,50,1000,4,0,3
93,100,0.0,50,10000,4,0,3
94,100,0.25,1,100,4,0,3
95,100,0.25,1,10000,4,0,3
96,100,0.25,10,1000,4,0,3
97,100,0.25,10,10000,4,0,3
98,100,0.25,50,100,4,0,3
99,100,0.25,50,1000,4,0,3
100,100,0.25,50,10000,4,0,3
101,100,0.5,1,100,4,0,3
102,100,0.5,10,100,4,0,3
103,100,0.5,10,1000,4,0,3
104,100,0.5,10,10000,4,0,3
105,100,0.5,50,100,4,0,3
106,100,0.5,50,1000,4,0,3
107,100,0.5,50,10000,4,0,3
108,100,0.75,1,100,4,0,3
109,100,0.75,1,10000,4,0,3
110,100,0.75,10,100,4,0,3
111,100,0.75,10,1000,4,0,3
112,100,0.75,10,10000,4,0,3
113,100,0.75,50,100,4,0,3
114,100,0.75,50,1000,4,0,3
115,100,0.75,50,10000,4,0,3
116,100,0.0,1,1000,8,0,4
117,100,0.0,10,100,8,0,4
118,100,0.0,10,1000,8,0,4
119,100,0.0,10,10000,8,0,4
120,100,0.0,50,100,8,0,4
121,100,0.0,50,10000,8,0,4
122,100,0.25,1,100,8,0,4
123,100,0.25,1,1000,8,0,4
124,100,0.25,1,10000,8,0,4
125,100,0.25,10,100,8,0,4
126,100,0.25,10,1000,8,0,4
127,100,0.25,10,10000,8,0,4
128,100,0.25,50,1000,8,0,4
129,100,0.25,50,10000,8,0,4
130,100,0.5,1,100,8,0,4
131,100,0.5,1,1000,8,0,4
132,100,0.5,10,100,8,0,4
133,100,0.5,10,1000,8,0,4
134,100,0.5,10,10000,8,0,4
135,100,0.5,50,100,8,0,4
136,100,0.5,50,1000,8,0,4
137,100,0.75,1,100,8,0,4
138,100,0.75,1,1000,8,0,4
139,100,0.75,1,10000,8,0,4
140,100,0.75,10,1000,8,0,4
141,100,0.75,10,10000,8,0,4
142,100,0.75,50,100,8,0,4
143,100,0.75,50,1000,8,0,4
144,100,0.75,50,10000,8,0,4
145,200,0.0,1,100,1,0,0
146,200,0.0,1,1000,1,0,0
147,200,0.0,1,10000,1,0,0
148,200,0.0,10,1000,1,0,0
149,200,0.0,10,10000,1,0,0
150,200,0.0,50,100,1,0,0
151,200,0.0,50,1000,1,0,0
152,200,0.0,50,10000,1,0,0
153,200,0.25,1,100,1,0,0
154,200,0.25,1,10000,1,0,0
155,200,0.25,10,100,1,0,0
156,200,0.25,10,1000,1,0,0
157,200,0.25,10,10000,1,0,0
158,200,0.25,50,1000,1,0,0
159,200,0.25,50,10000,1,0,0
160,200,0.5,1,100,1,0,0
161,200,0.5,1,1000,1,0,0
162,200,0.5,10,100,1,0,0
163,200,0.5,10,10000,1,0,0
164,200,0.5,50,100,1,0,0
165,200,0.5,50,1000,1,0,0
166,200,0.5,50,10000,1,0,0
167,200,0.75,1,100,1,0,0
168,200,0.75,1,1000,1,0,0
169,200,0.75,1,10000,1,0,0
170,200,0.75,10,100,1,0,0
171,200,0.75,10,1000,1,0,0
172,200,0.75,10,10000,1,0,0
173,200,0.75,50,1000,1,0,0
174,200,0.0,1,100,2,0,1
175,200,0.0,1,1000,2,0,1
176,200,0.0,1,10000,2,0,1
177,200,0.0,10,100,2,0,1
178,200,0.0,10,1000,2,0,1
179,200,0.0,10,10000,2,0,1
180,200,0.0,50,10000,2,0,1
181,200,0.25,1,1000,2,0,1
182,200,0.25,1,10000,2,0,1
183,200,0.25,10,1000,2,0,1
184,200,0.25,10,10000,2,0,1
185,200,0.25,50,1000,2,0,1
186,200,0.25,50,10000,2,0,1
187,200,0.5,1,100,2,0,1
188,200,0.5,1,10000,2,0,1
189,200,0.5,10,100,2,0,1
190,200,0.5,10,1000,2,0,1
191,200,0.5,10,10000,2,0,1
192,200,0.5,50,100,2,0,1
193,200,0.5,50,1000,2,0,1
194,200,0.5,50,10000,2,0,1
195,200,0.75,1,100,2,0,1
196,200,0.75,1,1000,2,0,1
197,200,0.75,1,10000,2,0,1
198,200,0.75,10,100,2,0,1
199,200,0.75,10,1000,2,0,1
200,200,0.75,10,10000,2,0,1
201,200,0.75,50,100,2,1,1
202,200,0.75,50,10000,2,0,1
203,200,0.0,1,100,3,0,2
204,200,0.0,1,1000,3,0,2
205,200,0.0,1,10000,3,0,2
206,200,0.0,10,1000,3,0,2
207,200,0.0,50,100,3,0,2
208,200,0.0,50,1000,3,0,2
209,200,0.0,50,10000,3,0,2
210,200,0.25,1,100,3,0,2
211,200,0.25,1,1000,3,0,2
212,200,0.25,1,10000,3,0,2
213,200,0.25,10,100,3,0,2
214,200,0.25,10,1000,3,0,2
215,200,0.25,10,10000,3,0,2
216,200,0.25,50,100,3,0,2
217,200,0.25,50,1000,3,0,2
218,200,0.25,50,10000,3,0,2
219,200,0.5,1,100,3,0,2
220,200,0.5,1,1000,3,0,2
221,200,0.5,50,100,3,0,2
222,200,0.5,50,10000,3,0,2
223,200,0.75,1,100,3,0,2
224,200,0.75,1,1000,3,0,2
225,200,0.75,1,10000,3,0,2
226,200,0.75,10,100,3,0,2
227,200,0.75,10,1000,3,0,2
228,200,0.75,10,10000,3,0,2
229,200,0.75,50,100,3,0,2
230,200,0.75,50,1000,3,0,2
231,200,0.75,50,10000,3,0,2
232,200,0.0,1,100,4,0,3
233,200,0.0,1,1000,4,0,3
234,200,0.0,1,10000,4,0,3
235,200,0.0,10,100,4,0,3
236,200,0.0,10,1000,4,0,3
237,200,0.0,10,10000,4,0,3
238,200,0.0,50,100,4,0,3
239,200,0.0,50,1000,4,0,3
240,200,0.0,50,10000,4,0,3
241,200,0.25,1,1000,4,0,3
242,200,0.25,10,1000,4,0,3
243,200,0.25,10,10000,4,0,3
244,200,0.25,50,100,4,0,3
245,200,0.25,50,1000,4,0,3
246,200,0.25,50,10000,4,0,3
247,200,0.5,1,100,4,0,3
248,200,0.5,1,1000,4,0,3
249,200,0.5,10,10000,4,0,3
250,200,0.5,50,100,4,0,3
251,200,0.5,50,1000,4,0,3
252,200,0.5,50,10000,4,0,3
253,200,0.75,1,100,4,0,3
254,200,0.75,1,1000,4,0,3
255,200,0.75,1,10000,4,0,3
256,200,0.75,10,1000,4,0,3
257,200,0.75,10,10000,4,0,3
258,200,0.75,50,100,4,0,3
259,200,0.75,50,1000,4,0,3
260,200,0.75,50,10000,4,0,3
261,200,0.0,1,100,8,0,4
262,200,0.0,1,1000,8,0,4
263,200,0.0,1,10000,8,0,4
264,200,0.0,10,100,8,0,4
265,200,0.0,10,1000,8,0,4
266,200,0.0,10,10000,8,0,4
267,200,0.0,50,1000,8,0,4
268,200,0.0,50,10000,8,0,4
269,200,0.25,1,10000,8,0,4
270,200,0.25,10,1000,8,0,4
271,200,0.25,10,10000,8,0,4
272,200,0.25,50,100,8,0,4
273,200,0.25,50,1000,8,0,4
274,200,0.25,50,10000,8,0,4
275,200,0.5,1,100,8,0,4
276,200,0.5,1,1000,8,0,4
277,200,0.5,1,10000,8,0,4
278,200,0.5,10,100,8,0,4
279,200,0.5,10,10000,8,0,4
280,200,0.5,50,100,8,0,4
281,200,0.5,50,1000,8,0,4
282,200,0.5,50,10000,8,0,4
283,200,0.75,1,100,8,0,4
284,200,0.75,1,1000,8,0,4
285,200,0.75,1,10000,8,0,4
286,200,0.75,10,1000,8,0,4
287,200,0.75,10,10000,8,0,4
288,200,0.75,50,100,8,0,4
289,200,0.75,50,1000,8,0,4
290,300,0.0,1,100,1,0,0
291,300,0.0,1,1000,1,0,0
292,300,0.0,1,10000,1,0,0
293,300,0.0,10,10000,1,0,0
294,300,0.0,50,100,1,0,0
295,300,0.0,50,1000,1,0,0
296,300,0.0,50,10000,1,0,0
297,300,0.25,1,100,1,0,0
298,300,0.25,1,1000,1,0,0
299,300,0.25,10,100,1,0,0
300,300,0.25,10,1000,1,0,0
301,300,0.25,10,10000,1,0,0
302,300,0.25,50,1000,1,0,0
303,300,0.25,50,10000,1,0,0
304,300,0.5,1,100,1,0,0
305,300,0.5,1,1000,1,0,0
306,300,0.5,1,10000,1,0,0
307,300,0.5,10,100,1,0,0
308,300,0.5,10,1000,1,0,0
309,300,0.5,10,10000,1,0,0
310,300,0.5,50,100,1,0,0
311,300,0.5,50,1000,1,0,0
312,300,0.5,50,10000,1,0,0
313,300,0.75,1,100,1,0,0
314,300,0.75,1,10000,1,0,0
315,300,0.75,10,100,1,0,0
316,300,0.75,10,1000,1,0,0
317,300,0.75,10,10000,1,0,0
318,300,0.75,50,1000,1,0,0
319,300,0.0,1,100,2,0,1
320,300,0.0,1,1000,2,0,1
321,300,0.0,10,1000,2,0,1
322,300,0.0,10,10000,2,0,1
323,300,0.0,50,100,2,0,1
324,300,0.0,50,1000,2,0,1
325,300,0.25,1,100,2,0,1
326,300,0.25,1,1000,2,0,1
327,300,0.25,1,10000,2,0,1
328,300,0.25,10,100,2,0,1
329,300,0.25,10,1000,2,0,1
330,300,0.25,10,10000,2,0,1
331,300,0.25,50,100,2,0,1
332,300,0.25,50,1000,2,0,1
333,300,0.25,50,10000,2,0,1
334,300,0.5,1,100,2,0,1
335,300,0.5,1,1000,2,0,1
336,300,0.5,1,10000,2,0,1
337,300,0.5,10,100,2,0,1
338,300,0.5,10,1000,2,0,1
339,300,0.5,10,10000,2,0,1
340,300,0.5,50,100,2,0,1
341,300,0.5,50,10000,2,0,1
342,300,0.75,1,100,2,0,1
343,300,0.75,10,100,2,0,1
344,300,0.75,10,1000,2,0,1
345,300,0.75,10,10000,2,0,1
346,300,0.75,50,100,2,0,1
347,300,0.75,50,10000,2,0,1
348,300,0.0,1,100,3,0,2
349,300,0.0,1,1000,3,0,2
350,300,0.0,10,1000,3,0,2
351,300,0.0,10,10000,3,0,2
352,300,0.0,50,100,3,0,2
353,300,0.0,50,1000,3,0,2
354,300,0.0,50,10000,3,0,2
355,300,0.25,1,10000,3,0,2
356,300,0.25,10,100,3,0,2
357,300,0.25,10,1000,3,0,2
358,300,0.25,10,10000,3,0,2
359,300,0.25,50,100,3,0,2
360,300,0.25,50,1000,3,0,2
361,300,0.5,1,100,3,0,2
362,300,0.5,1,1000,3,0,2
363,300,0.5,1,10000,3,0,2
364,300,0.5,10,100,3,0,2
365,300,0.5,10,1000,3,0,2
366,300,0.5,10,10000,3,0,2
367,300,0.5,50,100,3,0,2
368,300,0.5,50,1000,3,0,2
369,300,0.5,50,10000,3,0,2
370,300,0.75,1,100,3,0,2
371,300,0.75,1,1000,3,0,2
372,300,0.75,1,10000,3,0,2
373,300,0.75,10,1000,3,0,2
374,300,0.75,10,10000,3,0,2
375,300,0.75,50,1000,3,0,2
376,300,0.75,50,10000,3,0,2
377,300,0.0,1,100,4,0,3
378,300,0.0,1,1000,4,0,3
379,300,0.0,10,100,4,0,3
380,300,0.0,10,1000,4,0,3
381,300,0.0,10,10000,4,0,3
382,300,0.0,50,100,4,0,3
383,300,0.25,1,100,4,0,3
384,300,0.25,1,1000,4,0,3
385,300,0.25,1,10000,4,0,3
386,300,0.25,10,1000,4,0,3
387,300,0.25,10,10000,4,0,3
388,300,0.25,50,100,4,0,3
389,300,0.25,50,1000,4,0,3
390,300,0.5,1,100,4,0,3
391,300,0.5,1,1000,4,0,3
392,300,0.5,1,10000,4,0,3
393,300,0.5,10,100,4,0,3
394,300,0.5,10,1000,4,0,3
395,300,0.5,50,100,4,0,3
396,300,0.5,50,1000,4,0,3
397,300,0.75,1,100,4,0,3
398,300,0.75,1,1000,4,0,3
399,300,0.75,1,10000,4,0,3
400,300,0.75,10,100,4,0,3
401,300,0.75,10,1000,4,0,3
402,300,0.75,10,10000,4,0,3
403,300,0.75,50,100,4,0,3
404,300,0.75,50,1000,4,0,3
405,300,0.75,50,10000,4,0,3
406,300,0.0,1,100,8,0,4
407,300,0.0,1,1000,8,0,4
408,300,0.0,1,10000,8,0,4
409,300,0.0,10,100,8,0,4
410,300,0.0,10,1000,8,0,4
411,300,0.0,50,1000,8,0,4
412,300,0.25,1,100,8,0,4
413,300,0.25,1,1000,8,0,4
414,300,0.25,1,10000,8,0,4
415,300,0.25,10,1000,8,0,4
416,300,0.25,10,10000,8,0,4
417,300,0.25,50,100,8,0,4
418,300,0.25,50,1000,8,0,4
419,300,0.25,50,10000,8,0,4
420,300,0.5,1,100,8,0,4
421,300,0.5,1,1000,8,0,4
422,300,0.5,1,10000,8,0,4
423,300,0.5,10,100,8,0,4
424,300,0.5,10,1000,8,0,4
425,300,0.5,10,10000,8,0,4
426,300,0.5,50,100,8,0,4
427,300,0.5,50,1000,8,0,4
428,300,0.5,50,10000,8,0,4
429,300,0.75,1,100,8,0,4
430,300,0.75,1,10000,8,0,4
431,300,0.75,10,100,8,0,4
432,300,0.75,10,10000,8,0,4
433,300,0.75,50,100,8,0,4
434,300,0.75,50,10000,8,0,4
435,400,0.0,1,100,1,0,0
436,400,0.0,1,1000,1,0,0
437,400,0.0,1,10000,1,0,0
438,400,0.0,10,100,1,0,0
439,400,0.0,10,1000,1,0,0
440,400,0.0,50,100,1,0,0
441,400,0.0,50,1000,1,0,0
442,400,0.0,50,10000,1,0,0
443,400,0.25,1,100,1,1,0
444,400,0.25,1,1000,1,0,0
445,400,0.25,1,10000,1,0,0
446,400,0.25,10,100,1,0,0
447,400,0.25,10,10000,1,0,0
448,400,0.25,50,100,1,0,0
449,400,0.25,50,1000,1,0,0
450,400,0.25,50,10000,1,0,0
451,400,0.5,1,100,1,0,0
452,400,0.5,1,10000,1,0,0
453,400,0.5,10,1000,1,0,0
454,400,0.5,10,10000,1,0,0
455,400,0.5,50,100,1,0,0
456,400,0.5,50,1000,1,0,0
457,400,0.75,1,10000,1,0,0
458,400,0.75,10,100,1,0,0
459,400,0.75,10,1000,1,0,0
460,400,0.75,10,10000,1,0,0
461,400,0.75,50,100,1,0,0
462,400,0.75,50,1000,1,0,0
463,400,0.75,50,10000,1,0,0
464,400,0.0,1,10000,2,0,1
465,400,0.0,10,100,2,0,1
466,400,0.0,10,1000,2,0,1
467,400,0.0,50,100,2,0,1
468,400,0.0,50,10000,2,0,1
469,400,0.25,1,100,2,0,1
470,400,0.25,1,1000,2,0,1
471,400,0.25,1,10000,2,0,1
472,400,0.25,10,100,2,0,1
473,400,0.25,10,1000,2,0,1
474,400,0.25,10,10000,2,0,1
475,400,0.25,50,100,2,0,1
476,400,0.25,50,1000,2,0,1
477,400,0.25,50,10000,2,0,1
478,400,0.5,1,100,2,0,1
479,400,0.5,1,1000,2,0,1
480,400,0.5,10,100,2,0,1
481,400,0.5,10,1000,2,0,1
482,400,0.5,10,10000,2,0,1
483,400,0.5,50,100,2,0,1
484,400,0.5,50,1000,2,0,1
485,400,0.5,50,10000,2,0,1
486,400,0.75,1,100,2,0,1
487,400,0.75,1,1000,2,0,1
488,400,0.75,1,10000,2,0,1
489,400,0.75,10,100,2,0,1
490,400,0.75,50,100,2,0,1
491,400,0.75,50,1000,2,0,1
492,400,0.75,50,10000,2,0,1
493,400,0.0,1,1000,3,0,2
494,400,0.0,1,10000,3,0,2
495,400,0.0,10,1000,3,0,2
496,400,0.0,10,10000,3,0,2
497,400,0.0,50,100,3,0,2
498,400,0.0,50,1000,3,0,2
499,400,0.0,50,10000,3,0,2
500,400,0.25,1,100,3,0,2
501,400,0.25,1,1000,3,0,2
502,400,0.25,1,10000,3,0,2
503,400,0.25,10,100,3,0,2
504,400,0.25,10,1000,3,0,2
505,400,0.25,10,10000,3,0,2
506,400,0.25,50,1000,3,0,2
507,400,0.25,50,10000,3,0,2
508,400,0.5,1,1000,3,0,2
509,400,0.5,10,100,3,0,2
510,400,0.5,10,1000,3,0,2
511,400,0.5,50,100,3,0,2
512,400,0.5,50,1000,3,0,2
513,400,0.5,50,10000,3,0,2
514,400,0.75,1,100,3,0,2
515,400,0.75,1,1000,3,0,2
516,400,0.75,1,10000,3,0,2
517,400,0.75,10,100,3,0,2
518,400,0.75,10,10000,3,0,2
519,400,0.75,50,100,3,0,2
520,400,0.75,50,1000,3,0,2
521,400,0.75,50,10000,3,0,2
522,400,0.0,1,100,4,0,3
523,400,0.0,1,10000,4,0,3
524,400,0.0,10,100,4,0,3
525,400,0.0,10,10000,4,0,3
526,400,0.0,50,100,4,0,3
527,400,0.0,50,1000,4,0,3
528,400,0.0,50,10000,4,0,3
529,400,0.25,1,100,4,0,3
530,400,0.25,1,1000,4,0,3
531,400,0.25,1,10000,4,0,3
532,400,0.25,10,100,4,0,3
533,400,0.25,10,1000,4,0,3
534,400,0.25,50,100,4,0,3
535,400,0.25,50,10000,4,0,3
536,400,0.5,1,100,4,0,3
537,400,0.5,1,1000,4,0,3
538,400,0.5,1,10000,4,0,3
539,400,0.5,10,100,4,0,3
540,400,0.5,10,1000,4,0,3
541,400,0.5,10,10000,4,0,3
542,400,0.5,50,100,4,0,3
543,400,0.5,50,10000,4,0,3
544,400,0.75,1,100,4,0,3
545,400,0.75,1,1000,4,0,3
546,400,0.75,1,10000,4,0,3
547,400,0.75,10,100,4,0,3
548,400,0.75,10,1000,4,0,3
549,400,0.75,10,10000,4,0,3
550,400,0.75,50,10000,4,0,3
551,400,0.0,1,100,8,0,4
552,400,0.0,1,10000,8,0,4
553,400,0.0,10,100,8,0,4
554,400,0.0,10,1000,8,0,4
555,400,0.0,10,10000,8,0,4
556,400,0.0,50,100,8,0,4
557,400,0.0,50,1000,8,0,4
558,400,0.0,50,10000,8,0,4
559,400,0.25,1,100,8,0,4
560,400,0.25,1,1000,8,0,4
561,400,0.25,1,10000,8,0,4
562,400,0.25,10,1000,8,0,4
563,400,0.25,10,10000,8,0,4
564,400,0.25,50,100,8,0,4
565,400,0.25,50,1000,8,0,4
566,400,0.25,50,10000,8,0,4
567,400,0.5,1,100,8,0,4
568,400,0.5,1,1000,8,0,4
569,400,0.5,1,10000,8,0,4
570,400,0.5,10,1000,8,0,4
571,400,0.5,10,10000,8,0,4
572,400,0.5,50,100,8,0,4
573,400,0.75,1,100,8,0,4
574,400,0.75,1,1000,8,0,4
575,400,0.75,1,10000,8,0,4
576,400,0.75,10,10000,8,0,4
577,400,0.75,50,100,8,0,4
578,400,0.75,50,1000,8,0,4
579,400,0.75,50,10000,8,0,4
580,500,0.0,1,100,1,0,0
581,500,0.0,1,1000,1,0,0
582,500,0.0,1,10000,1,0,0
583,500,0.0,10,1000,1,0,0
584,500,0.0,10,10000,1,0,0
585,500,0.0,50,100,1,0,0
586,500,0.0,50,1000,1,0,0
587,500,0.0,50,10000,1,0,0
588,500,0.25,1,100,1,0,0
589,500,0.25,1,1000,1,0,0
590,500,0.25,10,100,1,0,0
591,500,0.25,10,1000,1,0,0
592,500,0.25,10,10000,1,0,0
593,500,0.25,50,100,1,0,0
594,500,0.25,50,1000,1,0,0
595,500,0.25,50,10000,1,0,0
596,500,0.5,1,100,1,0,0
597,500,0.5,1,1000,1,0,0
598,500,0.5,1,10000,1,0,0
599,500,0.5,10,100,1,0,0
600,500,0.5,10,1000,1,0,0
601,500,0.5,50,100,1,0,0
602,500,0.5,50,10000,1,0,0
603,500,0.75,1,100,1,0,0
604,500,0.75,1,1000,1,0,0
605,500,0.75,10,100,1,0,0
606,500,0.75,50,100,1,0,0
607,500,0.75,50,1000,1,0,0
608,500,0.75,50,10000,1,0,0
609,500,0.0,1,100,2,0,1
610,500,0.0,1,1000,2,0,1
611,500,0.0,1,10000,2,0,1
612,500,0.0,10,1000,2,0,1
613,500,0.0,10,10000,2,0,1
614,500,0.0,50,10000,2,0,1
615,500,0.25,1,100,2,0,1
616,500,0.25,1,10000,2,0,1
617,500,0.25,10,100,2,0,1
618,500,0.25,10,1000,2,0,1
619,500,0.25,50,100,2,0,1
620,500,0.25,50,1000,2,0,1
621,500,0.25,50,10000,2,0,1
622,500,0.5,1,100,2,0,1
623,500,0.5,1,10000,2,0,1
624,500,0.5,10,100,2,0,1
625,500,0.5,10,1000,2,0,1
626,500,0.5,10,10000,2,0,1
627,500,0.5,50,100,2,0,1
628,500,0.5,50,1000,2,0,1
629,500,0.5,50,10000,2,0,1
630,500,0.75,1,100,2,0,1
631,500,0.75,1,1000,2,0,1
632,500,0.75,1,10000,2,0,1
633,500,0.75,10,1000,2,0,1
634,500,0.75,10,10000,2,0,1
635,500,0.75,50,100,2,0,1
636,500,0.75,50,1000,2,0,1
637,500,0.75,50,10000,2,0,1
638,500,0.0,1,100,3,0,2
639,500,0.0,1,1000,3,0,2
640,500,0.0,1,10000,3,0,2
641,500,0.0,10,1000,3,0,2
642,500,0.0,10,10000,3,0,2
643,500,0.0,50,100,3,0,2
644,500,0.0,50,1000,3,0,2
645,500,0.0,50,10000,3,0,2
646,500,0.25,1,100,3,0,2
647,500,0.25,1,1000,3,0,2
648,500,0.25,1,10000,3,0,2
649,500,0.25,10,100,3,0,2
650,500,0.25,10,1000,3,0,2
651,500,0.25,10,10000,3,0,2
652,500,0.25,50,100,3,0,2
653,500,0.25,50,1000,3,0,2
654,500,0.25,50,10000,3,0,2
655,500,0.5,1,100,3,0,2
656,500,0.5,10,100,3,0,2
657,500,0.5,50,100,3,0,2
658,500,0.5,50,1000,3,0,2
659,500,0.5,50,10000,3,0,2
660,500,0.75,1,100,3,0,2
661,500,0.75,1,10000,3,0,2
662,500,0.75,10,100,3,0,2
663,500,0.75,10,1000,3,0,2
664,500,0.75,10,10000,3,0,2
665,500,0.75,50,100,3,0,2
666,500,0.75,50,10000,3,0,2
667,500,0.0,1,1000,4,0,3
668,500,0.0,1,10000,4,0,3
669,500,0.0,10,100,4,0,3
670,500,0.0,10,1000,4,0,3
671,500,0.0,10,10000,4,0,3
672,500,0.0,50,100,4,0,3
673,500,0.0,50,10000,4,0,3
674,500,0.25,1,100,4,0,3
675,500,0.25,1,1000,4,0,3
676,500,0.25,10,100,4,0,3
677,500,0.25,10,1000,4,0,3
678,500,0.25,10,10000,4,0,3
679,500,0.25,50,100,4,0,3
680,500,0.25,50,1000,4,0,3
681,500,0.5,1,100,4,0,3
682,500,0.5,1,1000,4,0,3
683,500,0.5,10,1000,4,0,3
684,500,0.5,10,10000,4,0,3
685,500,0.5,50,100,4,0,3
686,500,0.5,50,1000,4,0,3
687,500,0.75,1,100,4,0,3
688,500,0.75,1,1000,4,0,3
689,500,0.75,1,10000,4,0,3
690,500,0.75,10,100,4,0,3
691,500,0.75,10,1000,4,0,3
692,500,0.75,10,10000,4,0,3
693,500,0.75,50,100,4,0,3
694,500,0.75,50,1000,4,0,3
695,500,0.75,50,10000,4,0,3
696,500,0.0,1,100,8,0,4
697,500,0.0,1,1000,8,0,4
698,500,0.0,1,10000,8,0,4
699,500,0.0,10,1000,8,0,4
700,500,0.0,10,10000,8,0,4
701,500,0.0,50,100,8,0,4
702,500,0.0,50,10000,8,0,4
703,500,0.25,1,100,8,0,4
704,500,0.25,1,1000,8,0,4
705,500,0.25,1,10000,8,0,4
706,500,0.25,10,1000,8,0,4
707,500,0.25,10,10000,8,0,4
708,500,0.25,50,1000,8,0,4
709,500,0.25,50,10000,8,0,4
710,500,0.5,1,100,8,0,4
711,500,0.5,1,10000,8,0,4
712,500,0.5,10,100,8,0,4
713,500,0.5,10,1000,8,0,4
714,500,0.5,50,100,8,0,4
715,500,0.5,50,1000,8,0,4
716,500,0.5,50,10000,8,0,4
717,500,0.75,1,100,8,0,4
718,500,0.75,1,1000,8,0,4
719,500,0.75,1,10000,8,0,4
720,500,0.75,10,100,8,0,4
721,500,0.75,10,1000,8,0,4
722,500,0.75,10,10000,8,0,4
723,500,0.75,50,100,8,0,4
724,500,0.75,50,10000,8,0,4
725,750,0.0,1,100,1,0,0
726,750,0.0,1,1000,1,0,0
727,750,0.0,1,10000,1,0,0
728,750,0.0,10,10000,1,0,0
729,750,0.0,50,100,1,0,0
730,750,0.0,50,1000,1,0,0
731,750,0.0,50,10000,1,0,0
732,750,0.25,1,100,1,0,0
733,750,0.25,1,1000,1,0,0
734,750,0.25,1,10000,1,0,0
735,750,0.25,10,100,1,0,0
736,750,0.25,10,1000,1,0,0
737,750,0.25,10,10000,1,0,0
738,750,0.25,50,10000,1,0,0
739,750,0.5,1,100,1,0,0
740,750,0.5,1,1000,1,0,0
741,750,0.5,1,10000,1,0,0
742,750,0.5,10,100,1,0,0
743,750,0.5,10,1000,1,1,0
744,750,0.5,10,10000,1,0,0
745,750,0.5,50,100,1,0,0
746,750,0.5,50,1000,1,0,0
747,750,0.5,50,10000,1,0,0
748,750,0.75,1,100,1,0,0
749,750,0.75,1,10000,1,0,0
750,750,0.75,10,100,1,0,0
751,750,0.75,10,1000,1,0,0
752,750,0.75,10,10000,1,0,0
753,750,0.75,50,10000,1,0,0
754,750,0.0,1,100,2,0,1
755,750,0.0,1,1000,2,0,1
756,750,0.0,1,10000,2,0,1
757,750,0.0,10,100,2,0,1
758,750,0.0,10,1000,2,0,1
759,750,0.0,10,10000,2,0,1
760,750,0.0,50,1000,2,0,1
761,750,0.0,50,10000,2,0,1
762,750,0.25,1,100,2,0,1
763,750,0.25,1,10000,2,0,1
764,750,0.25,10,100,2,0,1
765,750,0.25,10,10000,2,0,1
766,750,0.25,50,1000,2,0,1
767,750,0.25,50,10000,2,0,1
768,750,0.5,1,1000,2,0,1
769,750,0.5,1,10000,2,0,1
770,750,0.5,10,100,2,0,1
771,750,0.5,50,100,2,0,1
772,750,0.5,50,1000,2,0,1
773,750,0.5,50,10000,2,0,1
774,750,0.75,1,100,2,0,1
775,750,0.75,1,1000,2,0,1
776,750,0.75,1,10000,2,0,1
777,750,0.75,10,100,2,0,1
778,750,0.75,10,1000,2,0,1
779,750,0.75,10,10000,2,0,1
780,750,0.75,50,100,2,0,1
781,750,0.75,50,1000,2,0,1
782,750,0.75,50,10000,2,0,1
783,750,0.0,1,100,3,0,2
784,750,0.0,1,1000,3,0,2
785,750,0.0,1,10000,3,0,2
786,750,0.0,10,100,3,0,2
787,750,0.0,10,1000,3,0,2
788,750,0.0,10,10000,3,0,2
789,750,0.0,50,1000,3,0,2
790,750,0.0,50,10000,3,0,2
791,750,0.25,1,100,3,0,2
792,750,0.25,1,1000,3,0,2
793,750,0.25,1,10000,3,0,2
794,750,0.25,10,100,3,0,2
795,750,0.25,10,10000,3,0,2
796,750,0.25,50,100,3,0,2
797,750,0.25,50,1000,3,0,2
798,750,0.25,50,10000,3,0,2
799,750,0.5,1,100,3,0,2
800,750,0.5,1,10000,3,0,2
801,750,0.5,10,100,3,0,2
802,750,0.5,10,1000,3,0,2
803,750,0.5,10,10000,3,0,2
804,750,0.5,50,100,3,0,2
805,750,0.5,50,10000,3,55,2
806,750,0.75,1,100,3,0,2
807,750,0.75,1,10000,3,0,2
808,750,0.75,10,100,3,0,2
809,750,0.75,10,1000,3,0,2
810,750,0.75,10,10000,3,0,2
811,750,0.75,50,10000,3,0,2
812,750,0.0,1,100,4,0,3
813,750,0.0,1,1000,4,0,3
814,750,0.0,1,10000,4,0,3
815,750,0.0,10,100,4,0,3
816,750,0.0,10,1000,4,0,3
817,750,0.0,10,10000,4,0,3
818,750,0.0,50,100,4,0,3
819,750,0.0,50,1000,4,0,3
820,750,0.25,1,1000,4,0,3
821,750,0.25,1,10000,4,0,3
822,750,0.25,10,100,4,0,3
823,750,0.25,10,1000,4,0,3
824,750,0.25,10,10000,4,0,3
825,750,0.25,50,1000,4,0,3
826,750,0.25,50,10000,4,0,3
827,750,0.5,1,100,4,0,3
828,750,0.5,1,1000,4,0,3
829,750,0.5,10,100,4,0,3
830,750,0.5,50,1000,4,0,3
831,750,0.5,50,10000,4,0,3
832,750,0.75,1,100,4,0,3
833,750,0.75,1,1000,4,0,3
834,750,0.75,1,10000,4,0,3
835,750,0.75,10,100,4,0,3
836,750,0.75,10,1000,4,0,3
837,750,0.75,10,10000,4,0,3
838,750,0.75,50,100,4,0,3
839,750,0.75,50,1000,4,0,3
840,750,0.75,50,10000,4,0,3
841,750,0.0,1,100,8,0,4
842,750,0.0,1,1000,8,0,4
843,750,0.0,1,10000,8,0,4
844,750,0.0,10,1000,8,0,4
845,750,0.0,10,10000,8,0,4
846,750,0.0,50,1000,8,0,4
847,750,0.0,50,10000,8,0,4
848,750,0.25,1,1000,8,0,4
849,750,0.25,1,10000,8,0,4
850,750,0.25,10,100,8,0,4
851,750,0.25,10,1000,8,0,4
852,750,0.25,10,10000,8,0,4
853,750,0.25,50,100,8,0,4
854,750,0.25,50,1000,8,0,4
855,750,0.25,50,10000,8,0,4
856,750,0.5,1,100,8,0,4
857,750,0.5,1,10000,8,0,4
858,750,0.5,10,1000,8,0,4
859,750,0.5,10,10000,8,0,4
860,750,0.5,50,100,8,0,4
861,750,0.5,50,1000,8,0,4
862,750,0.5,50,10000,8,0,4
863,750,0.75,1,1000,8,0,4
864,750,0.75,1,10000,8,0,4
865,750,0.75,10,1000,8,0,4
866,750,0.75,10,10000,8,0,4
867,750,0.75,50,100,8,0,4
868,750,0.75,50,1000,8,0,4
869,750,0.75,50,10000,8,0,4
870,1000,0.0,1,100,1,0,0
871,1000,0.0,1,1000,1,1,0
872,1000,0.0,1,10000,1,0,0
873,1000,0.0,10,100,1,0,0
874,1000,0.0,10,1000,1,0,0
875,1000,0.0,10,10000,1,0,0
876,1000,0.0,50,100,1,0,0
877,1000,0.0,50,1000,1,0,0
878,1000,0.25,1,100,1,0,0
879,1000,0.25,1,1000,1,55,0
880,1000,0.25,10,100,1,0,0
881,1000,0.25,10,1000,1,0,0
882,1000,0.25,10,10000,1,0,0
883,1000,0.25,50,1000,1,0,0
884,1000,0.25,50,10000,1,0,0
885,1000,0.5,1,100,1,1,0
886,1000,0.5,1,1000,1,0,0
887,1000,0.5,10,100,1,0,0
888,1000,0.5,10,1000,1,0,0
889,1000,0.5,10,10000,1,0,0
890,1000,0.5,50,100,1,0,0
891,1000,0.5,50,1000,1,0,0
892,1000,0.5,50,10000,1,0,0
893,1000,0.75,1,100,1,1,0
894,1000,0.75,1,1000,1,0,0
895,1000,0.75,10,1000,1,0,0
896,1000,0.75,50,100,1,0,0
897,1000,0.75,50,1000,1,0,0
898,1000,0.75,50,10000,1,1,0
899,1000,0.0,1,100,2,0,1
900,1000,0.0,1,1000,2,0,1
901,1000,0.0,10,100,2,0,1
902,1000,0.0,10,1000,2,0,1
903,1000,0.0,10,10000,2,0,1
904,1000,0.0,50,100,2,0,1
905,1000,0.0,50,1000,2,0,1
906,1000,0.25,1,100,2,0,1
907,1000,0.25,1,10000,2,0,1
908,1000,0.25,10,100,2,0,1
909,1000,0.25,10,1000,2,0,1
910,1000,0.25,10,10000,2,0,1
911,1000,0.25,50,100,2,1,1
912,1000,0.25,50,10000,2,0,1
913,1000,0.5,1,100,2,0,1
914,1000,0.5,1,1000,2,0,1
915,1000,0.5,10,100,2,0,1
916,1000,0.5,10,1000,2,0,1
917,1000,0.5,10,10000,2,0,1
918,1000,0.5,50,100,2,0,1
919,1000,0.5,50,1000,2,0,1
920,1000,0.5,50,10000,2,0,1
921,1000,0.75,1,100,2,0,1
922,1000,0.75,1,1000,2,0,1
923,1000,0.75,1,10000,2,0,1
924,1000,0.75,10,100,2,0,1
925,1000,0.75,10,10000,2,0,1
926,1000,0.75,50,100,2,1,1
927,1000,0.75,50,1000,2,0,1
928,1000,0.0,1,100,3,0,2
929,1000,0.0,10,100,3,0,2
930,1000,0.0,10,1000,3,0,2
931,1000,0.0,10,10000,3,0,2
932,1000,0.0,50,1000,3,0,2
933,1000,0.25,1,100,3,0,2
934,1000,0.25,1,1000,3,0,2
935,1000,0.25,1,10000,3,0,2
936,1000,0.25,10,100,3,0,2
937,1000,0.25,10,1000,3,0,2
938,1000,0.25,10,10000,3,0,2
939,1000,0.25,50,100,3,0,2
940,1000,0.25,50,10000,3,0,2
941,1000,0.5,1,100,3,1,2
942,1000,0.5,1,1000,3,0,2
943,1000,0.5,1,10000,3,0,2
944,1000,0.5,10,100,3,0,2
945,1000,0.5,10,1000,3,0,2
946,1000,0.5,10,10000,3,0,2
947,1000,0.5,50,100,3,0,2
948,1000,0.5,50,1000,3,0,2
949,1000,0.5,50,10000,3,0,2
950,1000,0.75,1,100,3,0,2
951,1000,0.75,1,10000,3,0,2
952,1000,0.75,10,100,3,0,2
953,1000,0.75,10,1000,3,0,2
954,1000,0.75,10,10000,3,0,2
955,1000,0.75,50,100,3,0,2
956,1000,0.75,50,10000,3,0,2
957,1000,0.0,1,100,4,0,3
958,1000,0.0,1,10000,4,1,3
959,1000,0.0,10,100,4,0,3
960,1000,0.0,10,1000,4,0,3
961,1000,0.0,50,1000,4,0,3
962,1000,0.0,50,10000,4,0,3
963,1000,0.25,1,100,4,0,3
964,1000,0.25,1,1000,4,0,3
965,1000,0.25,1,10000,4,0,3
966,1000,0.25,10,1000,4,0,3
967,1000,0.25,10,10000,4,0,3
968,1000,0.25,50,100,4,0,3
969,1000,0.25,50,1000,4,0,3
970,1000,0.25,50,10000,4,0,3
971,1000,0.5,1,100,4,0,3
972,1000,0.5,1,10000,4,0,3
973,1000,0.5,10,100,4,0,3
974,1000,0.5,10,1000,4,0,3
975,1000,0.5,10,10000,4,0,3
976,1000,0.5,50,100,4,0,3
977,1000,0.5,50,1000,4,0,3
978,1000,0.5,50,10000,4,0,3
979,1000,0.75,1,100,4,0,3
980,1000,0.75,1,1000,4,0,3
981,1000,0.75,1,10000,4,0,3
982,1000,0.75,10,10000,4,0,3
983,1000,0.75,50,100,4,0,3
984,1000,0.75,50,1000,4,0,3
985,1000,0.75,50,10000,4,0,3
986,1000,0.0,1,100,8,0,4
987,1000,0.0,1,1000,8,0,4
988,1000,0.0,10,100,8,0,4
989,1000,0.0,10,10000,8,0,4
990,1000,0.0,50,100,8,0,4
991,1000,0.0,50,10000,8,1,4
992,1000,0.25,1,100,8,0,4
993,1000,0.25,1,1000,8,0,4
994,1000,0.25,1,10000,8,0,4
995,1000,0.25,10,1000,8,0,4
996,1000,0.25,10,10000,8,0,4
997,1000,0.25,50,1000,8,0,4
998,1000,0.25,50,10000,8,0,4
999,1000,0.5,1,100,8,0,4
1000,1000,0.5,1,1000,8,0,4
1001,1000,0.5,1,10000,8,0,4
1002,1000,0.5,10,100,8,0,4
1003,1000,0.5,10,1000,8,0,4
1004,1000,0.5,10,10000,8,0,4
1005,1000,0.5,50,100,8,0,4
1006,1000,0.5,50,1000,8,0,4
1007,1000,0.5,50,10000,8,0,4
1008,1000,0.75,1,1000,8,0,4
1009,1000,0.75,1,10000,8,0,4
1010,1000,0.75,10,100,8,0,4
1011,1000,0.75,10,10000,8,0,4
1012,1000,0.75,50,100,8,0,4
1013,1000,0.75,50,1000,8,0,4
1014,1000,0.75,50,10000,8,0,4
1015,2000,0.0,1,100,1,1,0
1016,2000,0.0,1,1000,1,1,0
1017,2000,0.0,1,10000,1,0,0
1018,2000,0.0,10,100,1,55,0
1019,2000,0.0,10,10000,1,1,0
1020,2000,0.0,50,100,1,0,0
1021,2000,0.0,50,1000,1,1,0
1022,2000,0.0,50,10000,1,1,0
1023,2000,0.25,10,100,1,1,0
1024,2000,0.25,10,1000,1,1,0
1025,2000,0.25,10,10000,1,0,0
1026,2000,0.25,50,100,1,1,0
1027,2000,0.25,50,1000,1,1,0
1028,2000,0.25,50,10000,1,1,0
1029,2000,0.5,1,100,1,0,0
1030,2000,0.5,1,10000,1,1,0
1031,2000,0.5,10,100,1,1,0
1032,2000,0.5,10,1000,1,0,0
1033,2000,0.5,10,10000,1,1,0
1034,2000,0.5,50,100,1,1,0
1035,2000,0.5,50,1000,1,1,0
1036,2000,0.75,1,1000,1,1,0
1037,2000,0.75,1,10000,1,1,0
1038,2000,0.75,10,100,1,0,0
1039,2000,0.75,10,1000,1,1,0
1040,2000,0.75,10,10000,1,1,0
1041,2000,0.75,50,100,1,1,0
1042,2000,0.75,50,1000,1,0,0
1043,2000,0.75,50,10000,1,55,0
1044,2000,0.0,1,100,2,0,1
1045,2000,0.0,1,1000,2,0,1
1046,2000,0.0,1,10000,2,1,1
1047,2000,0.0,10,100,2,0,1
1048,2000,0.0,10,1000,2,1,1
1049,2000,0.0,50,100,2,0,1
1050,2000,0.0,50,1000,2,1,1
1051,2000,0.25,1,100,2,55,1
1052,2000,0.25,1,1000,2,0,1
1053,2000,0.25,10,100,2,1,1
1054,2000,0.25,10,10000,2,1,1
1055,2000,0.25,50,100,2,0,1
1056,2000,0.25,50,10000,2,1,1
1057,2000,0.5,1,100,2,0,1
1058,2000,0.5,1,1000,2,1,1
1059,2000,0.5,1,10000,2,0,1
1060,2000,0.5,10,100,2,0,1
1061,2000,0.5,10,1000,2,1,1
1062,2000,0.5,10,10000,2,0,1
1063,2000,0.5,50,100,2,55,1
1064,2000,0.5,50,1000,2,0,1
1065,2000,0.5,50,10000,2,0,1
1066,2000,0.75,1,100,2,1,1
1067,2000,0.75,1,1000,2,0,1
1068,2000,0.75,1,10000,2,1,1
1069,2000,0.75,10,1000,2,0,1
1070,2000,0.75,10,10000,2,0,1
1071,2000,0.75,50,100,2,0,1
1072,2000,0.75,50,1000,2,1,1
1073,2000,0.0,1,100,3,1,2
1074,2000,0.0,1,1000,3,0,2
1075,2000,0.0,1,10000,3,0,2
1076,2000,0.0,10,100,3,0,2
1077,2000,0.0,10,1000,3,1,2
1078,2000,0.0,10,10000,3,0,2
1079,2000,0.0,50,10000,3,0,2
1080,2000,0.25,1,100,3,0,2
1081,2000,0.25,1,1000,3,0,2
1082,2000,0.25,1,10000,3,1,2
1083,2000,0.25,10,1000,3,0,2
1084,2000,0.25,10,10000,3,55,2
1085,2000,0.25,50,100,3,0,2
1086,2000,0.25,50,10000,3,0,2
1087,2000,0.5,1,100,3,1,2
1088,2000,0.5,1,1000,3,0,2
1089,2000,0.5,1,10000,3,0,2
1090,2000,0.5,10,1000,3,0,2
1091,2000,0.5,10,10000,3,0,2
1092,2000,0.5,50,1000,3,1,2
1093,2000,0.5,50,10000,3,0,2
1094,2000,0.75,1,100,3,0,2
1095,2000,0.75,1,1000,3,0,2
1096,2000,0.75,1,10000,3,0,2
1097,2000,0.75,10,100,3,0,2
1098,2000,0.75,10,1000,3,0,2
1099,2000,0.75,10,10000,3,1,2
1100,2000,0.75,50,1000,3,0,2
1101,2000,0.75,50,10000,3,55,2
1102,2000,0.0,1,100,4,1,3
1103,2000,0.0,1,1000,4,0,3
1104,2000,0.0,10,100,4,0,3
1105,2000,0.0,10,1000,4,0,3
1106,2000,0.0,10,10000,4,0,3
1107,2000,0.0,50,100,4,1,3
1108,2000,0.0,50,1000,4,0,3
1109,2000,0.0,50,10000,4,0,3
1110,2000,0.25,1,100,4,0,3
1111,2000,0.25,1,1000,4,0,3
1112,2000,0.25,10,100,4,1,3
1113,2000,0.25,10,1000,4,0,3
1114,2000,0.25,10,10000,4,0,3
1115,2000,0.25,50,1000,4,0,3
1116,2000,0.25,50,10000,4,0,3
1117,2000,0.5,1,100,4,1,3
1118,2000,0.5,1,10000,4,0,3
1119,2000,0.5,10,100,4,0,3
1120,2000,0.5,10,1000,4,0,3
1121,2000,0.5,10,10000,4,0,3
1122,2000,0.5,50,100,4,0,3
1123,2000,0.5,50,1000,4,0,3
1124,2000,0.75,1,100,4,0,3
1125,2000,0.75,1,1000,4,0,3
1126,2000,0.75,1,10000,4,1,3
1127,2000,0.75,10,100,4,0,3
1128,2000,0.75,10,1000,4,0,3
1129,2000,0.75,10,10000,4,0,3
1130,2000,0.75,50,10000,4,1,3
1131,2000,0.0,1,100,8,0,4
1132,2000,0.0,1,1000,8,0,4
1133,2000,0.0,1,10000,8,0,4
1134,2000,0.0,10,100,8,1,4
1135,2000,0.0,10,1000,8,0,4
1136,2000,0.0,10,10000,8,0,4
1137,2000,0.0,50,100,8,0,4
1138,2000,0.0,50,1000,8,0,4
1139,2000,0.25,1,100,8,0,4
1140,2000,0.25,1,1000,8,0,4
1141,2000,0.25,1,10000,8,0,4
1142,2000,0.25,10,100,8,1,4
1143,2000,0.25,10,1000,8,0,4
1144,2000,0.25,10,10000,8,0,4
1145,2000,0.25,50,1000,8,55,4
1146,2000,0.5,1,100,8,0,4
1147,2000,0.5,1,10000,8,1,4
1148,2000,0.5,10,100,8,0,4
1149,2000,0.5,10,1000,8,0,4
1150,2000,0.5,50,100,8,1,4
1151,2000,0.5,50,1000,8,0,4
1152,2000,0.5,50,10000,8,0,4
1153,2000,0.75,1,100,8,0,4
1154,2000,0.75,1,1000,8,0,4
1155,2000,0.75,10,100,8,1,4
1156,2000,0.75,10,1000,8,0,4
1157,2000,0.75,10,10000,8,0,4
1158,2000,0.75,50,100,8,0,4
1159,2000,0.75,50,10000,8,0,4
1160,3000,0.0,1,100,1,3,0
1161,3000,0.0,1,1000,1,2,0
1162,3000,0.0,1,10000,1,57,0
1163,3000,0.0,10,100,1,2,0
1164,3000,0.0,10,1000,1,57,0
1165,3000,0.0,50,1000,1,2,0
1166,3000,0.0,50,10000,1,3,0
1167,3000,0.25,1,1000,1,3,0
1168,3000,0.25,1,10000,1,56,0
1169,3000,0.25,10,100,1,3,0
1170,3000,0.25,10,1000,1,2,0
1171,3000,0.25,10,10000,1,57,0
1172,3000,0.25,50,1000,1,57,0
1173,3000,0.25,50,10000,1,2,0
1174,3000,0.5,1,100,1,57,0
1175,3000,0.5,1,1000,1,2,0
1176,3000,0.5,1,10000,1,3,0
1177,3000,0.5,10,100,1,56,0
1178,3000,0.5,10,1000,1,3,0
1179,3000,0.5,10,10000,1,56,0
1180,3000,0.5,50,1000,1,2,0
1181,3000,0.5,50,10000,1,57,0
1182,3000,0.75,1,100,1,2,0
1183,3000,0.75,1,10000,1,3,0
1184,3000,0.75,10,100,1,56,0
1185,3000,0.75,10,10000,1,2,0
1186,3000,0.75,50,100,1,57,0
1187,3000,0.75,50,1000,1,2,0
1188,3000,0.75,50,10000,1,57,0
1189,3000,0.0,1,1000,2,56,1
1190,3000,0.0,10,100,2,1,1
1191,3000,0.0,10,1000,2,2,1
1192,3000,0.0,10,10000,2,55,1
1193,3000,0.0,50,100,2,1,1
1194,3000,0.0,50,1000,2,2,1
1195,3000,0.0,50,10000,2,1,1
1196,3000,0.25,1,100,2,1,1
1197,3000,0.25,1,1000,2,56,1
1198,3000,0.25,1,10000,2,1,1
1199,3000,0.25,10,1000,2,1,1
1200,3000,0.25,10,10000,2,55,1
1201,3000,0.25,50,100,2,1,1
1202,3000,0.25,50,1000,2,1,1
1203,3000,0.25,50,10000,2,2,1
1204,3000,0.5,1,100,2,1,1
1205,3000,0.5,10,1000,2,1,1
1206,3000,0.5,10,10000,2,56,1
1207,3000,0.5,50,100,2,1,1
1208,3000,0.5,50,10000,2,2,1
1209,3000,0.75,1,100,2,1,1
1210,3000,0.75,1,1000,2,55,1
1211,3000,0.75,1,10000,2,2,1
1212,3000,0.75,10,100,2,1,1
1213,3000,0.75,10,1000,2,1,1
1214,3000,0.75,10,10000,2,56,1
1215,3000,0.75,50,100,2,1,1
1216,3000,0.75,50,1000,2,1,1
1217,3000,0.75,50,10000,2,2,1
1218,3000,0.0,1,100,3,1,2
1219,3000,0.0,1,1000,3,0,2
1220,3000,0.0,1,10000,3,1,2
1221,3000,0.0,10,100,3,1,2
1222,3000,0.0,50,100,3,55,2
1223,3000,0.0,50,1000,3,1,2
1224,3000,0.0,50,10000,3,1,2
1225,3000,0.25,1,100,3,1,2
1226,3000,0.25,1,1000,3,0,2
1227,3000,0.25,10,1000,3,55,2
1228,3000,0.25,10,10000,3,1,2
1229,3000,0.25,50,100,3,1,2
1230,3000,0.25,50,1000,3,1,2
1231,3000,0.25,50,10000,3,1,2
1232,3000,0.5,1,100,3,1,2
1233,3000,0.5,1,1000,3,55,2
1234,3000,0.5,1,10000,3,0,2
1235,3000,0.5,10,100,3,1,2
1236,3000,0.5,10,1000,3,1,2
1237,3000,0.5,50,1000,3,1,2
1238,3000,0.5,50,10000,3,55,2
1239,3000,0.75,1,100,3,1,2
1240,3000,0.75,1,1000,3,1,2
1241,3000,0.75,1,10000,3,1,2
1242,3000,0.75,10,1000,3,0,2
1243,3000,0.75,10,10000,3,0,2
1244,3000,0.75,50,100,3,55,2
1245,3000,0.75,50,1000,3,1,2
1246,3000,0.75,50,10000,3,1,2
1247,3000,0.0,1,100,4,0,3
1248,3000,0.0,1,1000,4,1,3
1249,3000,0.0,1,10000,4,0,3
1250,3000,0.0,10,100,4,1,3
1251,3000,0.0,10,1000,4,0,3
1252,3000,0.0,50,100,4,0,3
1253,3000,0.0,50,1000,4,55,3
1254,3000,0.0,50,10000,4,0,3
1255,3000,0.25,1,100,4,1,3
1256,3000,0.25,1,1000,4,0,3
1257,3000,0.25,1,10000,4,1,3
1258,3000,0.25,10,100,4,1,3
1259,3000,0.25,10,10000,4,1,3
1260,3000,0.25,50,100,4,0,3
1261,3000,0.25,50,10000,4,0,3
1262,3000,0.5,1,100,4,55,3
1263,3000,0.5,1,10000,4,1,3
1264,3000,0.5,10,100,4,0,3
1265,3000,0.5,10,1000,4,0,3
1266,3000,0.5,10,10000,4,1,3
1267,3000,0.5,50,100,4,0,3
1268,3000,0.5,50,1000,4,1,3
1269,3000,0.5,50,10000,4,0,3
1270,3000,0.75,1,100,4,1,3
1271,3000,0.75,1,1000,4,0,3
1272,3000,0.75,1,10000,4,55,3
1273,3000,0.75,10,100,4,1,3
1274,3000,0.75,10,1000,4,0,3
1275,3000,0.75,10,10000,4,1,3
1276,3000,0.0,1,100,8,55,4
1277,3000,0.0,1,10000,8,0,4
1278,3000,0.0,10,100,8,1,4
1279,3000,0.0,10,1000,8,1,4
1280,3000,0.0,50,1000,8,1,4
1281,3000,0.0,50,10000,8,55,4
1282,3000,0.25,1,100,8,1,4
1283,3000,0.25,1,1000,8,1,4
1284,3000,0.25,1,10000,8,0,4
1285,3000,0.25,10,100,8,1,4
1286,3000,0.25,10,1000,8,1,4
1287,3000,0.25,10,10000,8,1,4
1288,3000,0.25,50,100,8,55,4
1289,3000,0.25,50,1000,8,0,4
1290,3000,0.25,50,10000,8,1,4
1291,3000,0.5,1,100,8,1,4
1292,3000,0.5,1,1000,8,1,4
1293,3000,0.5,1,10000,8,1,4
1294,3000,0.5,10,100,8,0,4
1295,3000,0.5,10,10000,8,55,4
1296,3000,0.5,50,100,8,1,4
1297,3000,0.5,50,1000,8,1,4
1298,3000,0.5,50,10000,8,0,4
1299,3000,0.75,1,100,8,0,4
1300,3000,0.75,1,1000,8,1,4
1301,3000,0.75,1,10000,8,1,4
1302,3000,0.75,10,1000,8,1,4
1303,3000,0.75,50,100,8,1,4
1304,3000,0.75,50,1000,8,1,4
1305,4000,0.0,1,100,1,60,0
1306,4000,0.0,1,1000,1,59,0
1307,4000,0.0,1,10000,1,59,0
1308,4000,0.0,10,100,1,60,0
1309,4000,0.0,10,1000,1,60,0
1310,4000,0.0,10,10000,1,60,0
1311,4000,0.0,50,100,1,60,0
1312,4000,0.0,50,1000,1,60,0
1313,4000,0.0,50,10000,1,60,0
1314,4000,0.25,1,100,1,60,0
1315,4000,0.25,1,1000,1,5,0
1316,4000,0.25,1,10000,1,5,0
1317,4000,0.25,10,100,1,60,0
1318,4000,0.25,10,1000,1,60,0
1319,4000,0.25,50,1000,1,60,0
1320,4000,0.5,1,100,1,60,0
1321,4000,0.5,1,1000,1,60,0
1322,4000,0.5,1,10000,1,59,0
1323,4000,0.5,10,100,1,59,0
1324,4000,0.5,10,1000,1,60,0
1325,4000,0.5,10,10000,1,60,0
1326,4000,0.5,50,100,1,60,0
1327,4000,0.5,50,10000,1,60,0
1328,4000,0.75,1,100,1,60,0
1329,4000,0.75,10,100,1,60,0
1330,4000,0.75,10,1000,1,60,0
1331,4000,0.75,10,10000,1,60,0
1332,4000,0.75,50,100,1,60,0
1333,4000,0.75,50,1000,1,60,0
1334,4000,0.0,1,1000,2,3,1
1335,4000,0.0,1,10000,2,57,1
1336,4000,0.0,10,100,2,3,1
1337,4000,0.0,10,1000,2,57,1
1338,4000,0.0,10,10000,2,3,1
1339,4000,0.0,50,1000,2,3,1
1340,4000,0.0,50,10000,2,57,1
1341,4000,0.25,1,100,2,3,1
1342,4000,0.25,1,1000,2,57,1
1343,4000,0.25,1,10000,2,3,1
1344,4000,0.25,10,100,2,57,1
1345,4000,0.25,10,1000,2,3,1
1346,4000,0.25,10,10000,2,57,1
1347,4000,0.25,50,1000,2,57,1
1348,4000,0.25,50,10000,2,3,1
1349,4000,0.5,1,100,2,57,1
1350,4000,0.5,1,1000,2,3,1
1351,4000,0.5,1,10000,2,3,1
1352,4000,0.5,10,100,2,57,1
1353,4000,0.5,10,10000,2,57,1
1354,4000,0.5,50,100,2,3,1
1355,4000,0.5,50,1000,2,57,1
1356,4000,0.5,50,10000,2,3,1
1357,4000,0.75,10,100,2,3,1
1358,4000,0.75,10,1000,2,57,1
1359,4000,0.75,10,10000,2,3,1
1360,4000,0.75,50,100,2,57,1
1361,4000,0.75,50,1000,2,3,1
1362,4000,0.75,50,10000,2,57,1
1363,4000,0.0,1,100,3,2,2
1364,4000,0.0,1,1000,3,56,2
1365,4000,0.0,1,10000,3,2,2
1366,4000,0.0,10,100,3,2,2
1367,4000,0.0,10,1000,3,55,2
1368,4000,0.0,10,10000,3,2,2
1369,4000,0.0,50,1000,3,56,2
1370,4000,0.25,1,1000,3,56,2
1371,4000,0.25,10,100,3,2,2
1372,4000,0.25,10,10000,3,2,2
1373,4000,0.25,50,100,3,56,2
1374,4000,0.25,50,1000,3,2,2
1375,4000,0.25,50,10000,3,2,2
1376,4000,0.5,1,100,3,56,2
1377,4000,0.5,1,1000,3,2,2
1378,4000,0.5,1,10000,3,2,2
1379,4000,0.5,10,100,3,56,2
1380,4000,0.5,10,1000,3,2,2
1381,4000,0.5,50,100,3,55,2
1382,4000,0.5,50,1000,3,2,2
1383,4000,0.75,1,100,3,56,2
1384,4000,0.75,1,1000,3,2,2
1385,4000,0.75,1,10000,3,2,2
1386,4000,0.75,10,100,3,56,2
1387,4000,0.75,10,1000,3,2,2
1388,4000,0.75,10,10000,3,2,2
1389,4000,0.75,50,100,3,2,2
1390,4000,0.75,50,1000,3,2,2
1391,4000,0.75,50,10000,3,56,2
1392,4000,0.0,1,100,4,2,3
1393,4000,0.0,1,1000,4,55,3
1394,4000,0.0,10,100,4,1,3
1395,4000,0.0,10,1000,4,2,3
1396,4000,0.0,50,100,4,55,3
1397,4000,0.0,50,1000,4,1,3
1398,4000,0.0,50,10000,4,2,3
1399,4000,0.25,1,100,4,1,3
1400,4000,0.25,1,1000,4,1,3
1401,4000,0.25,1,10000,4,55,3
1402,4000,0.25,10,100,4,2,3
1403,4000,0.25,10,1000,4,1,3
1404,4000,0.25,10,10000,4,1,3
1405,4000,0.25,50,1000,4,56,3
1406,4000,0.25,50,10000,4,1,3
1407,4000,0.5,1,100,4,1,3
1408,4000,0.5,1,10000,4,55,3
1409,4000,0.5,10,100,4,1,3
1410,4000,0.5,10,1000,4,1,3
1411,4000,0.5,10,10000,4,2,3
1412,4000,0.5,50,100,4,1,3
1413,4000,0.5,50,1000,4,55,3
1414,4000,0.5,50,10000,4,1,3
1415,4000,0.75,1,100,4,1,3
1416,4000,0.75,1,10000,4,1,3
1417,4000,0.75,10,100,4,56,3
1418,4000,0.75,10,1000,4,1,3
1419,4000,0.75,50,100,4,1,3
1420,4000,0.75,50,10000,4,1,3
1421,4000,0.0,1,100,8,56,4
1422,4000,0.0,1,1000,8,2,4
1423,4000,0.0,10,100,8,1,4
1424,4000,0.0,10,1000,8,1,4
1425,4000,0.0,10,10000,8,2,4
1426,4000,0.0,50,100,8,2,4
1427,4000,0.0,50,1000,8,56,4
1428,4000,0.0,50,10000,8,2,4
1429,4000,0.25,1,100,8,2,4
1430,4000,0.25,1,10000,8,2,4
1431,4000,0.25,10,100,8,2,4
1432,4000,0.25,10,10000,8,2,4
1433,4000,0.25,50,100,8,1,4
1434,4000,0.25,50,1000,8,55,4
1435,4000,0.25,50,10000,8,2,4
1436,4000,0.5,1,100,8,2,4
1437,4000,0.5,1,1000,8,56,4
1438,4000,0.5,1,10000,8,2,4
1439,4000,0.5,10,100,8,2,4
1440,4000,0.5,10,10000,8,2,4
1441,4000,0.5,50,100,8,2,4
1442,4000,0.5,50,10000,8,2,4
1443,4000,0.75,1,100,8,2,4
1444,4000,0.75,1,1000,8,56,4
1445,4000,0.75,1,10000,8,2,4
1446,4000,0.75,10,1000,8,56,4
1447,4000,0.75,50,100,8,2,4
1448,4000,0.75,50,1000,8,56,4
1449,4000,0.75,50,10000,8,2,4
1450,5000,0.0,1,100,1,122,0
1451,5000,0.0,1,1000,1,175,0
1452,5000,0.0,1,10000,1,122,0
1453,5000,0.0,10,100,1,122,0
1454,5000,0.0,10,10000,1,121,0
1455,5000,0.0,50,100,1,122,0
1456,5000,0.0,50,10000,1,175,0
1457,5000,0.25,1,1000,1,121,0
1458,5000,0.25,1,10000,1,121,0
1459,5000,0.25,10,100,1,176,0
1460,5000,0.25,10,1000,1,121,0
1461,5000,0.25,10,10000,1,121,0
1462,5000,0.25,50,100,1,176,0
1463,5000,0.25,50,1000,1,122,0
1464,5000,0.25,50,10000,1,121,0
1465,5000,0.5,1,100,1,121,0
1466,5000,0.5,1,10000,1,121,0
1467,5000,0.5,10,100,1,121,0
1468,5000,0.5,10,1000,1,176,0
1469,5000,0.5,10,10000,1,121,0
1470,5000,0.5,50,1000,1,122,0
1471,5000,0.5,50,10000,1,176,0
1472,5000,0.75,1,1000,1,122,0
1473,5000,0.75,1,10000,1,176,0
1474,5000,0.75,10,100,1,121,0
1475,5000,0.75,10,10000,1,122,0
1476,5000,0.75,50,100,1,175,0
1477,5000,0.75,50,1000,1,121,0
1478,5000,0.75,50,10000,1,122,0
1479,5000,0.0,1,100,2,119,1
1480,5000,0.0,1,1000,2,119,1
1481,5000,0.0,1,10000,2,119,1
1482,5000,0.0,10,1000,2,119,1
1483,5000,0.0,10,10000,2,119,1
1484,5000,0.0,50,100,2,65,1
1485,5000,0.0,50,1000,2,119,1
1486,5000,0.0,50,10000,2,119,1
1487,5000,0.25,1,1000,2,119,1
1488,5000,0.25,1,10000,2,119,1
1489,5000,0.25,10,1000,2,65,1
1490,5000,0.25,10,10000,2,119,1
1491,5000,0.25,50,100,2,119,1
1492,5000,0.25,50,1000,2,119,1
1493,5000,0.25,50,10000,2,119,1
1494,5000,0.5,1,100,2,119,1
1495,5000,0.5,1,1000,2,119,1
1496,5000,0.5,1,10000,2,65,1
1497,5000,0.5,10,100,2,119,1
1498,5000,0.5,10,10000,2,119,1
1499,5000,0.5,50,100,2,119,1
1500,5000,0.5,50,1000,2,119,1
1501,5000,0.5,50,10000,2,119,1
1502,5000,0.75,1,100,2,65,1
1503,5000,0.75,1,1000,2,119,1
1504,5000,0.75,10,100,2,119,1
1505,5000,0.75,10,1000,2,119,1
1506,5000,0.75,10,10000,2,119,1
1507,5000,0.75,50,1000,2,119,1
1508,5000,0.0,1,100,3,60,2
1509,5000,0.0,1,1000,3,60,2
1510,5000,0.0,1,10000,3,60,2
1511,5000,0.0,10,100,3,60,2
1512,5000,0.0,10,1000,3,61,2
1513,5000,0.0,10,10000,3,60,2
1514,5000,0.0,50,100,3,61,2
1515,5000,0.0,50,1000,3,60,2
1516,5000,0.0,50,10000,3,60,2
1517,5000,0.25,1,1000,3,60,2
1518,5000,0.25,1,10000,3,61,2
1519,5000,0.25,10,100,3,60,2
1520,5000,0.25,10,1000,3,60,2
1521,5000,0.25,10,10000,3,61,2
1522,5000,0.25,50,100,3,60,2
1523,5000,0.25,50,1000,3,61,2
1524,5000,0.5,1,100,3,60,2
1525,5000,0.5,1,1000,3,61,2
1526,5000,0.5,1,10000,3,60,2
1527,5000,0.5,10,100,3,61,2
1528,5000,0.5,10,1000,3,60,2
1529,5000,0.5,10,10000,3,60,2
1530,5000,0.5,50,100,3,61,2
1531,5000,0.5,50,10000,3,61,2
1532,5000,0.75,1,1000,3,60,2
1533,5000,0.75,1,10000,3,61,2
1534,5000,0.75,10,1000,3,60,2
1535,5000,0.75,10,10000,3,115,2
1536,5000,0.75,50,1000,3,60,2
1537,5000,0.0,1,100,4,60,3
1538,5000,0.0,1,1000,4,60,3
1539,5000,0.0,10,100,4,60,3
1540,5000,0.0,10,10000,4,60,3
1541,5000,0.0,50,100,4,60,3
1542,5000,0.0,50,1000,4,60,3
1543,5000,0.0,50,10000,4,60,3
1544,5000,0.25,1,100,4,60,3
1545,5000,0.25,1,1000,4,60,3
1546,5000,0.25,1,10000,4,60,3
1547,5000,0.25,10,100,4,60,3
1548,5000,0.25,10,10000,4,60,3
1549,5000,0.25,50,100,4,60,3
1550,5000,0.25,50,1000,4,60,3
1551,5000,0.25,50,10000,4,60,3
1552,5000,0.5,1,1000,4,60,3
1553,5000,0.5,1,10000,4,60,3
1554,5000,0.5,10,100,4,60,3
1555,5000,0.5,10,1000,4,60,3
1556,5000,0.5,10,10000,4,60,3
1557,5000,0.5,50,1000,4,60,3
1558,5000,0.5,50,10000,4,60,3
1559,5000,0.75,1,100,4,60,3
1560,5000,0.75,1,1000,4,59,3
1561,5000,0.75,1,10000,4,60,3
1562,5000,0.75,10,100,4,60,3
1563,5000,0.75,10,1000,4,60,3
1564,5000,0.75,50,100,4,60,3
1565,5000,0.75,50,1000,4,60,3
1566,5000,0.0,1,1000,8,3,4
1567,5000,0.0,1,10000,8,58,4
1568,5000,0.0,10,100,8,3,4
1569,5000,0.0,10,10000,8,3,4
1570,5000,0.0,50,100,8,58,4
1571,5000,0.0,50,1000,8,57,4
1572,5000,0.0,50,10000,8,3,4
1573,5000,0.25,1,100,8,58,4
1574,5000,0.25,1,1000,8,3,4
1575,5000,0.25,1,10000,8,58,4
1576,5000,0.25,10,1000,8,3,4
1577,5000,0.25,10,10000,8,58,4
1578,5000,0.25,50,100,8,3,4
1579,5000,0.25,50,1000,8,3,4
1580,5000,0.25,50,10000,8,58,4
1581,5000,0.5,1,100,8,3,4
1582,5000,0.5,1,1000,8,57,4
1583,5000,0.5,10,100,8,3,4
1584,5000,0.5,10,10000,8,4,4
1585,5000,0.5,50,1000,8,57,4
1586,5000,0.75,1,100,8,57,4
1587,5000,0.75,1,1000,8,3,4
1588,5000,0.75,1,10000,8,58,4
1589,5000,0.75,10,100,8,58,4
1590,5000,0.75,10,1000,8,3,4
1591,5000,0.75,10,10000,8,57,4
1592,5000,0.75,50,100,8,58,4
1593,5000,0.75,50,1000,8,4,4
1594,5000,0.75,50,10000,8,57,4
1595,7500,0.0,1,100,1,659,0
1596,7500,0.0,1,10000,1,603,0
1597,7500,0.0,10,100,1,660,0
1598,7500,0.0,10,1000,1,662,0
1599,7500,0.0,10,10000,1,659,0
1600,7500,0.0,50,100,1,663,0
1601,7500,0.0,50,1000,1,717,0
1602,7500,0.0,50,10000,1,659,0
1603,7500,0.25,1,100,1,659,0
1604,7500,0.25,1,10000,1,604,0
1605,7500,0.25,10,100,1,604,0
1606,7500,0.25,10,10000,1,657,0
1607,7500,0.25,50,1000,1,661,0
1608,7500,0.25,50,10000,1,715,0
1609,7500,0.5,1,100,1,603,0
1610,7500,0.5,1,10000,1,658,0
1611,7500,0.5,10,100,1,659,0
1612,7500,0.5,10,10000,1,659,0
1613,7500,0.5,50,100,1,662,0
1614,7500,0.5,50,1000,1,658,0
1615,7500,0.5,50,10000,1,659,0
1616,7500,0.75,1,100,1,659,0
1617,7500,0.75,1,1000,1,659,0
1618,7500,0.75,1,10000,1,717,0
1619,7500,0.75,10,100,1,663,0
1620,7500,0.75,10,1000,1,718,0
1621,7500,0.75,10,10000,1,716,0
1622,7500,0.75,50,1000,1,660,0
1623,7500,0.75,50,10000,1,661,0
1624,7500,0.0,1,100,2,360,1
1625,7500,0.0,1,1000,2,360,1
1626,7500,0.0,1,10000,2,360,1
1627,7500,0.0,10,100,2,361,1
1628,7500,0.0,10,1000,2,361,1
1629,7500,0.0,10,10000,2,415,1
1630,7500,0.0,50,100,2,360,1
1631,7500,0.0,50,1000,2,360,1
1632,7500,0.0,50,10000,2,361,1
1633,7500,0.25,1,100,2,361,1
1634,7500,0.25,1,10000,2,360,1
1635,7500,0.25,10,100,2,360,1
1636,7500,0.25,10,10000,2,361,1
1637,7500,0.25,50,100,2,360,1
1638,7500,0.25,50,10000,2,360,1
1639,7500,0.5,1,100,2,360,1
1640,7500,0.5,1,1000,2,360,1
1641,7500,0.5,10,100,2,361,1
1642,7500,0.5,10,1000,2,361,1
1643,7500,0.5,50,100,2,361,1
1644,7500,0.5,50,10000,2,360,1
1645,7500,0.75,1,100,2,360,1
1646,7500,0.75,1,1000,2,360,1
1647,7500,0.75,10,100,2,360,1
1648,7500,0.75,10,1000,2,360,1
1649,7500,0.75,10,10000,2,360,1
1650,7500,0.75,50,100,2,415,1
1651,7500,0.75,50,1000,2,361,1
1652,7500,0.75,50,10000,2,361,1
1653,7500,0.0,1,100,3,236,2
1654,7500,0.0,1,1000,3,240,2
1655,7500,0.0,1,10000,3,183,2
1656,7500,0.0,10,100,3,240,2
1657,7500,0.0,10,1000,3,237,2
1658,7500,0.0,10,10000,3,239,2
1659,7500,0.0,50,100,3,238,2
1660,7500,0.0,50,1000,3,183,2
1661,7500,0.0,50,10000,3,237,2
1662,7500,0.25,1,100,3,184,2
1663,7500,0.25,1,1000,3,238,2
1664,7500,0.25,1,10000,3,238,2
1665,7500,0.25,10,100,3,183,2
1666,7500,0.25,10,1000,3,184,2
1667,7500,0.25,10,10000,3,238,2
1668,7500,0.25,50,100,3,363,2
1669,7500,0.25,50,1000,3,361,2
1670,7500,0.5,1,1000,3,417,2
1671,7500,0.5,10,100,3,417,2
1672,7500,0.5,10,10000,3,364,2
1673,7500,0.5,50,100,3,363,2
1674,7500,0.5,50,10000,3,361,2
1675,7500,0.75,1,100,3,418,2
1676,7500,0.75,1,1000,3,418,2
1677,7500,0.75,1,10000,3,362,2
1678,7500,0.75,10,100,3,415,2
1679,7500,0.75,10,10000,3,361,2
1680,7500,0.75,50,1000,3,362,2
1681,7500,0.75,50,10000,3,417,2
1682,7500,0.0,1,100,4,180,3
1683,7500,0.0,1,1000,4,181,3
1684,7500,0.0,1,10000,4,181,3
1685,7500,0.0,10,100,4,235,3
1686,7500,0.0,10,1000,4,181,3
1687,7500,0.0,10,10000,4,181,3
1688,7500,0.0,50,10000,4,235,3
1689,7500,0.25,1,100,4,181,3
1690,7500,0.25,1,1000,4,181,3
1691,7500,0.25,1,10000,4,181,3
1692,7500,0.25,10,100,4,181,3
1693,7500,0.25,10,1000,4,235,3
1694,7500,0.25,10,10000,4,181,3
1695,7500,0.25,50,100,4,181,3
1696,7500,0.25,50,1000,4,181,3
1697,7500,0.25,50,10000,4,235,3
1698,7500,0.5,1,100,4,181,3
1699,7500,0.5,1,1000,4,181,3
1700,7500,0.5,1,10000,4,181,3
1701,7500,0.5,10,100,4,181,3
1702,7500,0.5,50,100,4,182,3
1703,7500,0.5,50,10000,4,236,3
1704,7500,0.75,1,100,4,182,3
1705,7500,0.75,1,10000,4,236,3
1706,7500,0.75,10,1000,4,181,3
1707,7500,0.75,10,10000,4,181,3
1708,7500,0.75,50,100,4,182,3
1709,7500,0.75,50,1000,4,236,3
1710,7500,0.75,50,10000,4,182,3
1711,7500,0.0,1,100,8,120,4
1712,7500,0.0,1,1000,8,120,4
1713,7500,0.0,10,1000,8,121,4
1714,7500,0.0,10,10000,8,120,4
1715,7500,0.0,50,100,8,120,4
1716,7500,0.0,50,1000,8,120,4
1717,7500,0.0,50,10000,8,120,4
1718,7500,0.25,1,100,8,120,4
1719,7500,0.25,1,10000,8,120,4
1720,7500,0.25,10,100,8,120,4
1721,7500,0.25,10,1000,8,120,4
1722,7500,0.25,10,10000,8,120,4
1723,7500,0.25,50,100,8,120,4
1724,7500,0.25,50,1000,8,120,4
1725,7500,0.25,50,10000,8,121,4
1726,7500,0.5,1,100,8,120,4
1727,7500,0.5,1,1000,8,120,4
1728,7500,0.5,1,10000,8,120,4
1729,7500,0.5,10,100,8,121,4
1730,7500,0.5,10,1000,8,120,4
1731,7500,0.5,10,10000,8,120,4
1732,7500,0.5,50,1000,8,120,4
1733,7500,0.5,50,10000,8,120,4
1734,7500,0.75,1,1000,8,120,4
1735,7500,0.75,1,10000,8,120,4
1736,7500,0.75,10,100,8,121,4
1737,7500,0.75,10,1000,8,121,4
1738,7500,0.75,10,10000,8,120,4
1739,7500,0.75,50,100,8,120,4
1740,10000,0.0,1,100,1,1504,0
1741,10000,0.0,1,1000,1,1500,0
1742,10000,0.0,10,100,1,1442,0
1743,10000,0.0,10,1000,1,1500,0
1744,10000,0.0,10,10000,1,1558,0
1745,10000,0.0,50,10000,1,1501,0
1746,10000,0.25,1,1000,1,1561,0
1747,10000,0.25,10,100,1,1558,0
1748,10000,0.25,10,1000,1,1440,0
1749,10000,0.25,50,100,1,1502,0
1750,10000,0.25,50,1000,1,1559,0
1751,10000,0.25,50,10000,1,1558,0
1752,10000,0.5,1,100,1,1496,0
1753,10000,0.5,1,10000,1,1500,0
1754,10000,0.5,10,100,1,1557,0
1755,10000,0.5,10,1000,1,1502,0
1756,10000,0.5,10,10000,1,1556,0
1757,10000,0.5,50,100,1,1498,0
1758,10000,0.5,50,1000,1,1561,0
1759,10000,0.5,50,10000,1,1441,0
1760,10000,0.75,1,100,1,1563,0
1761,10000,0.75,1,1000,1,1496,0
1762,10000,0.75,1,10000,1,1498,0
1763,10000,0.75,10,100,1,1501,0
1764,10000,0.75,10,1000,1,1620,0
1765,10000,0.75,10,10000,1,721,0
1766,10000,0.75,50,100,1,721,0
1767,10000,0.75,50,1000,1,720,0
1768,10000,0.75,50,10000,1,720,0
1769,10000,0.0,1,100,2,899,1
1770,10000,0.0,1,1000,2,899,1
1771,10000,0.0,1,10000,2,899,1
1772,10000,0.0,10,10000,2,901,1
1773,10000,0.0,50,100,2,959,1
1774,10000,0.0,50,1000,2,903,1
1775,10000,0.25,1,100,2,900,1
1776,10000,0.25,1,1000,2,898,1
1777,10000,0.25,1,10000,2,899,1
1778,10000,0.25,10,100,2,900,1
1779,10000,0.25,10,1000,2,900,1
1780,10000,0.25,10,10000,2,899,1
1781,10000,0.25,50,100,2,899,1
1782,10000,0.25,50,1000,2,899,1
1783,10000,0.25,50,10000,2,898,1
1784,10000,0.5,1,100,2,899,1
1785,10000,0.5,1,10000,2,899,1
1786,10000,0.5,10,100,2,844,1
1787,10000,0.5,10,1000,2,845,1
1788,10000,0.5,10,10000,2,844,1
1789,10000,0.5,50,100,2,899,1
1790,10000,0.5,50,10000,2,900,1
1791,10000,0.75,1,100,2,898,1
1792,10000,0.75,1,10000,2,899,1
1793,10000,0.75,10,100,2,899,1
1794,10000,0.75,10,1000,2,899,1
1795,10000,0.75,10,10000,2,898,1
1796,10000,0.75,50,100,2,899,1
1797,10000,0.75,50,1000,2,899,1
1798,10000,0.0,1,1000,3,901,2
1799,10000,0.0,1,10000,3,902,2
1800,10000,0.0,10,100,3,959,2
1801,10000,0.0,10,1000,3,960,2
1802,10000,0.0,10,10000,3,960,2
1803,10000,0.0,50,100,3,960,2
1804,10000,0.0,50,10000,3,960,2
1805,10000,0.25,1,1000,3,957,2
1806,10000,0.25,1,10000,3,961,2
1807,10000,0.25,10,100,3,961,2
1808,10000,0.25,10,1000,3,960,2
1809,10000,0.25,10,10000,3,962,2
1810,10000,0.25,50,100,3,960,2
1811,10000,0.25,50,1000,3,1017,2
1812,10000,0.25,50,10000,3,960,2
1813,10000,0.5,1,1000,3,960,2
1814,10000,0.5,10,1000,3,1015,2
1815,10000,0.5,10,10000,3,962,2
1816,10000,0.5,50,100,3,959,2
1817,10000,0.5,50,1000,3,1015,2
1818,10000,0.5,50,10000,3,959,2
1819,10000,0.75,1,100,3,962,2
1820,10000,0.75,1,1000,3,960,2
1821,10000,0.75,10,100,3,960,2
1822,10000,0.75,10,1000,3,1016,2
1823,10000,0.75,10,10000,3,960,2
1824,10000,0.75,50,100,3,959,2
1825,10000,0.75,50,1000,3,960,2
1826,10000,0.75,50,10000,3,960,2
1827,10000,0.0,1,100,4,478,3
1828,10000,0.0,1,1000,4,478,3
1829,10000,0.0,1,10000,4,479,3
1830,10000,0.0,10,100,4,425,3
1831,10000,0.0,50,100,4,479,3
1832,10000,0.0,50,1000,4,479,3
1833,10000,0.25,1,100,4,479,3
1834,10000,0.25,1,1000,4,478,3
1835,10000,0.25,1,10000,4,479,3
1836,10000,0.25,10,100,4,478,3
1837,10000,0.25,10,1000,4,479,3
1838,10000,0.25,10,10000,4,479,3
1839,10000,0.25,50,100,4,479,3
1840,10000,0.25,50,1000,4,479,3
1841,10000,0.25,50,10000,4,425,3
1842,10000,0.5,1,1000,4,425,3
1843,10000,0.5,1,10000,4,425,3
1844,10000,0.5,10,100,4,424,3
1845,10000,0.5,10,10000,4,479,3
1846,10000,0.5,50,100,4,479,3
1847,10000,0.5,50,1000,4,478,3
1848,10000,0.5,50,10000,4,479,3
1849,10000,0.75,1,100,4,479,3
1850,10000,0.75,1,1000,4,479,3
1851,10000,0.75,1,10000,4,478,3
1852,10000,0.75,10,100,4,479,3
1853,10000,0.75,10,10000,4,478,3
1854,10000,0.75,50,100,4,479,3
1855,10000,0.75,50,10000,4,479,3
1856,10000,0.0,1,100,8,299,4
1857,10000,0.0,1,1000,8,299,4
1858,10000,0.0,1,10000,8,245,4
1859,10000,0.0,10,100,8,244,4
1860,10000,0.0,10,1000,8,299,4
1861,10000,0.0,50,100,8,298,4
1862,10000,0.0,50,1000,8,299,4
1863,10000,0.0,50,10000,8,299,4
1864,10000,0.25,1,100,8,299,4
1865,10000,0.25,1,10000,8,299,4
1866,10000,0.25,10,100,8,245,4
1867,10000,0.25,10,10000,8,244,4
1868,10000,0.25,50,100,8,237,4
1869,10000,0.25,50,1000,8,237,4
1870,10000,0.25,50,10000,8,184,4
1871,10000,0.5,1,100,8,238,4
1872,10000,0.5,1,10000,8,238,4
1873,10000,0.5,10,100,8,183,4
1874,10000,0.5,10,10000,8,238,4
1875,10000,0.5,50,100,8,238,4
1876,10000,0.5,50,1000,8,183,4
1877,10000,0.5,50,10000,8,183,4
1878,10000,0.75,1,100,8,238,4
1879,10000,0.75,1,1000,8,237,4
1880,10000,0.75,1,10000,8,183,4
1881,10000,0.75,10,100,8,238,4
1882,10000,0.75,10,1000,8,237,4
1883,10000,0.75,50,100,8,183,4
1884,10000,0.75,50,1000,8,237,4
1885,12500,0.0,1,100,1,1440,0
1886,12500,0.0,1,1000,1,1440,0
1887,12500,0.0,1,10000,1,1385,0
1888,12500,0.0,10,100,1,1440,0
1889,12500,0.0,10,10000,1,1441,0
1890,12500,0.0,50,100,1,1440,0
1891,12500,0.0,50,1000,1,1441,0
1892,12500,0.0,50,10000,1,1440,0
1893,12500,0.25,1,100,1,1440,0
1894,12500,0.25,1,1000,1,1440,0
1895,12500,0.25,10,100,1,1440,0
1896,12500,0.25,10,1000,1,1441,0
1897,12500,0.25,10,10000,1,1440,0
1898,12500,0.25,50,1000,1,1440,0
1899,12500,0.25,50,10000,1,1495,0
1900,12500,0.5,1,100,1,1441,0
1901,12500,0.5,1,10000,1,1498,0
1902,12500,0.5,10,100,1,1443,0
1903,12500,0.5,10,1000,1,1498,0
1904,12500,0.5,10,10000,1,1498,0
1905,12500,0.5,50,10000,1,1498,0
1906,12500,0.75,1,100,1,1500,0
1907,12500,0.75,1,1000,1,1497,0
1908,12500,0.75,1,10000,1,1500,0
1909,12500,0.75,10,100,1,1499,0
1910,12500,0.75,10,1000,1,1497,0
1911,12500,0.75,50,100,1,1444,0
1912,12500,0.75,50,1000,1,1443,0
1913,12500,0.75,50,10000,1,1496,0
1914,12500,0.0,1,100,2,1683,1
1915,12500,0.0,1,1000,2,1683,1
1916,12500,0.0,1,10000,2,1737,1
1917,12500,0.0,10,100,2,1683,1
1918,12500,0.0,10,1000,2,1683,1
1919,12500,0.0,10,10000,2,1738,1
1920,12500,0.0,50,100,2,1737,1
1921,12500,0.0,50,1000,2,1684,1
1922,12500,0.0,50,10000,2,1683,1
1923,12500,0.25,1,100,2,1737,1
1924,12500,0.25,1,1000,2,1736,1
1925,12500,0.25,1,10000,2,1683,1
1926,12500,0.25,10,100,2,1684,1
1927,12500,0.25,50,100,2,1738,1
1928,12500,0.25,50,1000,2,1738,1
1929,12500,0.5,1,100,2,1738,1
1930,12500,0.5,1,1000,2,1738,1
1931,12500,0.5,1,10000,2,1739,1
1932,12500,0.5,10,100,2,1740,1
1933,12500,0.5,10,10000,2,1738,1
1934,12500,0.5,50,100,2,1739,1
1935,12500,0.5,50,1000,2,1739,1
1936,12500,0.5,50,10000,2,1738,1
1937,12500,0.75,1,100,2,1738,1
1938,12500,0.75,1,10000,2,1739,1
1939,12500,0.75,10,10000,2,1685,1
1940,12500,0.75,50,100,2,1740,1
1941,12500,0.75,50,1000,2,1740,1
1942,12500,0.75,50,10000,2,1739,1
1943,12500,0.0,1,10000,3,960,2
1944,12500,0.0,10,1000,3,961,2
1945,12500,0.0,10,10000,3,962,2
1946,12500,0.0,50,100,3,1015,2
1947,12500,0.0,50,1000,3,960,2
1948,12500,0.25,1,100,3,961,2
1949,12500,0.25,1,10000,3,961,2
1950,12500,0.25,10,100,3,959,2
1951,12500,0.25,10,1000,3,959,2
1952,12500,0.25,10,10000,3,962,2
1953,12500,0.25,50,100,3,960,2
1954,12500,0.25,50,1000,3,960,2
1955,12500,0.25,50,10000,3,959,2
1956,12500,0.5,1,100,3,960,2
1957,12500,0.5,1,1000,3,960,2
1958,12500,0.5,1,10000,3,903,2
1959,12500,0.5,10,100,3,1018,2
1960,12500,0.5,10,1000,3,957,2
1961,12500,0.5,10,10000,3,961,2
1962,12500,0.5,50,100,3,964,2
1963,12500,0.5,50,10000,3,1018,2
1964,12500,0.75,1,100,3,959,2
1965,12500,0.75,1,1000,3,960,2
1966,12500,0.75,1,10000,3,959,2
1967,12500,0.75,10,100,3,1021,2
1968,12500,0.75,10,1000,3,960,2
1969,12500,0.75,10,10000,3,964,2
1970,12500,0.75,50,100,3,903,2
1971,12500,0.75,50,1000,3,1025,2
1972,12500,0.0,1,100,4,898,3
1973,12500,0.0,1,1000,4,843,3
1974,12500,0.0,1,10000,4,898,3
1975,12500,0.0,10,100,4,898,3
1976,12500,0.0,10,1000,4,898,3
1977,12500,0.0,10,10000,4,898,3
1978,12500,0.0,50,100,4,898,3
1979,12500,0.0,50,1000,4,898,3
1980,12500,0.0,50,10000,4,898,3
1981,12500,0.25,1,1000,4,899,3
1982,12500,0.25,1,10000,4,900,3
1983,12500,0.25,10,100,4,900,3
1984,12500,0.25,10,1000,4,900,3
1985,12500,0.25,50,100,4,898,3
1986,12500,0.25,50,1000,4,897,3
1987,12500,0.25,50,10000,4,843,3
1988,12500,0.5,1,100,4,843,3
1989,12500,0.5,1,1000,4,897,3
1990,12500,0.5,1,10000,4,897,3
1991,12500,0.5,10,100,4,897,3
1992,12500,0.5,10,10000,4,844,3
1993,12500,0.5,50,100,4,844,3
1994,12500,0.5,50,1000,4,898,3
1995,12500,0.75,1,1000,4,897,3
1996,12500,0.75,1,10000,4,841,3
1997,12500,0.75,10,10000,4,841,3
1998,12500,0.75,50,100,4,841,3
1999,12500,0.75,50,1000,4,841,3
2000,12500,0.75,50,10000,4,841,3
2001,12500,0.0,1,1000,8,421,4
2002,12500,0.0,1,10000,8,420,4
2003,12500,0.0,10,100,8,421,4
2004,12500,0.0,10,1000,8,420,4
2005,12500,0.0,10,10000,8,421,4
2006,12500,0.0,50,100,8,420,4
2007,12500,0.0,50,10000,8,420,4
2008,12500,0.25,1,100,8,421,4
2009,12500,0.25,1,1000,8,420,4
2010,12500,0.25,1,10000,8,421,4
2011,12500,0.25,10,100,8,420,4
2012,12500,0.25,10,1000,8,420,4
2013,12500,0.25,10,10000,8,420,4
2014,12500,0.25,50,100,8,421,4
2015,12500,0.25,50,1000,8,420,4
2016,12500,0.25,50,10000,8,420,4
2017,12500,0.5,1,1000,8,421,4
2018,12500,0.5,1,10000,8,421,4
2019,12500,0.5,10,100,8,421,4
2020,12500,0.5,10,10000,8,420,4
2021,12500,0.5,50,100,8,420,4
2022,12500,0.5,50,1000,8,421,4
2023,12500,0.75,1,100,8,475,4
2024,12500,0.75,1,1000,8,421,4
2025,12500,0.75,1,10000,8,421,4
2026,12500,0.75,10,100,8,420,4
2027,12500,0.75,50,100,8,420,4
2028,12500,0.75,50,1000,8,421,4
2029,12500,0.75,50,10000,8,421,4
